timestamp,segmen,target,durasi_ms,ok,extra
2026-07-22 08:03:51,firebase_upload,detection_system/node2,167.68,1,bytes=291
2026-07-22 08:03:52,lora_link,Node3,1093.77,1,rssi=-61;snr=9.75;bytes=182
2026-07-22 08:03:52,firebase_upload,detection_system/node3,76.35,1,bytes=291
2026-07-22 08:03:53,lora_link,Node1,1100.75,1,rssi=-65;snr=9.0;bytes=182
2026-07-22 08:03:53,firebase_upload,detection_system/node1,73.42,1,bytes=290
2026-07-22 08:03:55,lora_link,Node2,1092.08,1,rssi=-68;snr=9.75;bytes=182
2026-07-22 08:03:55,firebase_upload,detection_system/node2,70.57,1,bytes=291
2026-07-22 08:03:56,lora_link,Node3,1098.00,1,rssi=-61;snr=9.25;bytes=182
2026-07-22 08:03:56,firebase_upload,detection_system/node3,75.29,1,bytes=291
2026-07-22 08:03:57,lora_link,Node1,1098.65,1,rssi=-65;snr=9.5;bytes=182
2026-07-22 08:03:57,firebase_upload,detection_system/node1,74.15,1,bytes=290
2026-07-22 08:03:59,lora_link,Node2,1101.05,1,rssi=-66;snr=10.0;bytes=182
2026-07-22 08:03:59,firebase_upload,detection_system/node2,80.68,1,bytes=291
2026-07-22 08:04:00,lora_link,Node3,1095.61,1,rssi=-60;snr=9.75;bytes=182
2026-07-22 08:04:00,firebase_upload,detection_system/node3,103.78,1,bytes=291
2026-07-22 08:04:01,lora_link,Node1,1093.99,1,rssi=-64;snr=9.75;bytes=182
2026-07-22 08:04:02,firebase_upload,detection_system/node1,355.07,1,bytes=291
2026-07-22 08:04:03,lora_link,Node2,959.36,1,rssi=-66;snr=10.25;bytes=182
2026-07-22 08:04:03,firebase_upload,detection_system/node2,73.47,1,bytes=292
2026-07-22 08:04:04,lora_link,Node3,1093.57,1,rssi=-60;snr=9.75;bytes=182
2026-07-22 08:04:04,firebase_upload,detection_system/node3,70.33,1,bytes=291
2026-07-22 08:04:05,lora_link,Node1,1094.94,1,rssi=-65;snr=10.0;bytes=182
2026-07-22 08:04:05,firebase_upload,detection_system/node1,74.14,1,bytes=291
2026-07-22 08:04:07,lora_link,Node2,1094.51,1,rssi=-66;snr=9.75;bytes=182
2026-07-22 08:04:07,firebase_upload,detection_system/node2,96.35,1,bytes=291
2026-07-22 08:04:08,lora_link,Node3,1092.14,1,rssi=-61;snr=9.5;bytes=182
2026-07-22 08:04:08,firebase_upload,detection_system/node3,68.75,1,bytes=290
2026-07-22 08:04:09,lora_link,Node1,1097.76,1,rssi=-65;snr=9.25;bytes=182
2026-07-22 08:04:09,firebase_upload,detection_system/node1,68.77,1,bytes=291
2026-07-22 08:04:11,lora_link,Node2,1099.19,1,rssi=-66;snr=9.75;bytes=182
2026-07-22 08:04:11,firebase_upload,detection_system/node2,73.60,1,bytes=291
2026-07-22 08:04:12,lora_link,Node3,1092.99,1,rssi=-60;snr=9.75;bytes=182
2026-07-22 08:04:12,firebase_upload,detection_system/node3,67.18,1,bytes=291
2026-07-22 08:04:13,lora_link,Node1,1100.42,1,rssi=-65;snr=9.25;bytes=182
2026-07-22 08:04:13,firebase_upload,detection_system/node1,70.87,1,bytes=291
2026-07-22 08:04:14,lora_link,Node2,1096.48,1,rssi=-66;snr=9.75;bytes=182
2026-07-22 08:04:15,firebase_upload,detection_system/node2,68.14,1,bytes=291
2026-07-22 08:04:16,lora_link,Node3,1100.06,1,rssi=-60;snr=10.25;bytes=182
2026-07-22 08:04:16,firebase_upload,detection_system/node3,67.47,1,bytes=292
2026-07-22 08:04:17,lora_link,Node1,1100.17,1,rssi=-64;snr=9.75;bytes=182
2026-07-22 08:04:17,firebase_upload,detection_system/node1,72.70,1,bytes=291
2026-07-22 08:04:18,lora_link,Node2,1096.21,1,rssi=-66;snr=9.75;bytes=182
2026-07-22 08:04:18,firebase_upload,detection_system/node2,69.70,1,bytes=291
2026-07-22 08:04:20,lora_link,Node3,1097.61,1,rssi=-59;snr=10.5;bytes=182
2026-07-22 08:04:20,firebase_upload,detection_system/node3,79.86,1,bytes=291
2026-07-22 08:04:21,lora_link,Node1,1098.24,1,rssi=-66;snr=9.75;bytes=182
2026-07-22 08:04:21,firebase_upload,detection_system/node1,71.61,1,bytes=291
2026-07-22 08:04:22,lora_link,Node2,1097.59,1,rssi=-68;snr=9.75;bytes=182
2026-07-22 08:04:22,firebase_upload,detection_system/node2,96.65,1,bytes=291
2026-07-22 08:04:24,lora_link,Node3,1100.70,1,rssi=-61;snr=9.75;bytes=182
2026-07-22 08:04:24,firebase_upload,detection_system/node3,75.14,1,bytes=291
2026-07-22 08:04:25,lora_link,Node1,1100.37,1,rssi=-65;snr=9.25;bytes=182
2026-07-22 08:04:25,firebase_upload,detection_system/node1,77.70,1,bytes=291
2026-07-22 08:04:26,lora_link,Node2,1098.40,1,rssi=-66;snr=10.0;bytes=182
2026-07-22 08:04:26,firebase_upload,detection_system/node2,75.51,1,bytes=292
2026-07-22 08:04:28,lora_link,Node3,1100.04,1,rssi=-60;snr=9.75;bytes=182
2026-07-22 08:04:28,firebase_upload,detection_system/node3,73.41,1,bytes=292
2026-07-22 08:04:29,lora_link,Node1,1092.44,1,rssi=-65;snr=9.0;bytes=182
2026-07-22 08:04:29,firebase_upload,detection_system/node1,65.74,1,bytes=291
2026-07-22 08:04:30,lora_link,Node2,1098.58,1,rssi=-65;snr=9.75;bytes=182
2026-07-22 08:04:30,firebase_upload,detection_system/node2,65.12,1,bytes=292
2026-07-22 08:04:32,lora_link,Node3,1100.27,1,rssi=-61;snr=9.75;bytes=182
2026-07-22 08:04:32,firebase_upload,detection_system/node3,70.81,1,bytes=292
2026-07-22 08:04:33,lora_link,Node1,1097.89,1,rssi=-65;snr=9.25;bytes=182
2026-07-22 08:04:33,firebase_upload,detection_system/node1,71.60,1,bytes=292
2026-07-22 08:04:34,lora_link,Node2,1096.29,1,rssi=-66;snr=9.5;bytes=182
2026-07-22 08:04:34,firebase_upload,detection_system/node2,70.27,1,bytes=291
2026-07-22 08:04:36,lora_link,Node3,1096.49,1,rssi=-61;snr=10.0;bytes=182
2026-07-22 08:04:36,firebase_upload,detection_system/node3,78.89,1,bytes=292
2026-07-22 08:04:37,lora_link,Node1,1097.72,1,rssi=-65;snr=9.25;bytes=182
2026-07-22 08:04:37,firebase_upload,detection_system/node1,74.84,1,bytes=292
2026-07-22 08:04:38,lora_link,Node2,1094.53,1,rssi=-65;snr=9.5;bytes=182
2026-07-22 08:04:38,firebase_upload,detection_system/node2,73.10,1,bytes=291
2026-07-22 08:04:40,lora_link,Node3,1095.20,1,rssi=-60;snr=10.25;bytes=182
2026-07-22 08:04:40,firebase_upload,detection_system/node3,68.47,1,bytes=293
2026-07-22 08:04:41,lora_link,Node1,1098.79,1,rssi=-65;snr=9.75;bytes=182
2026-07-22 08:04:41,firebase_upload,detection_system/node1,69.09,1,bytes=292
2026-07-22 08:04:42,lora_link,Node2,1099.09,1,rssi=-66;snr=9.75;bytes=182
2026-07-22 08:04:42,firebase_upload,detection_system/node2,76.22,1,bytes=292
2026-07-22 08:04:43,lora_link,Node3,1099.07,1,rssi=-61;snr=9.5;bytes=182
2026-07-22 08:04:44,firebase_upload,detection_system/node3,77.83,1,bytes=291
2026-07-22 08:04:45,lora_link,Node1,1098.44,1,rssi=-64;snr=9.5;bytes=182
2026-07-22 08:04:45,firebase_upload,detection_system/node1,67.41,1,bytes=291
2026-07-22 08:04:46,lora_link,Node2,1098.65,1,rssi=-66;snr=9.75;bytes=182
2026-07-22 08:04:46,firebase_upload,detection_system/node2,73.94,1,bytes=292
2026-07-22 08:04:47,lora_link,Node3,1092.76,1,rssi=-60;snr=9.25;bytes=182
2026-07-22 08:04:48,firebase_upload,detection_system/node3,80.89,1,bytes=292
2026-07-22 08:04:49,lora_link,Node1,1098.32,1,rssi=-65;snr=9.75;bytes=182
2026-07-22 08:04:49,firebase_upload,detection_system/node1,95.86,1,bytes=292
2026-07-22 08:04:50,lora_link,Node2,1100.84,1,rssi=-66;snr=10.0;bytes=182
2026-07-22 08:04:50,firebase_upload,detection_system/node2,77.62,1,bytes=292
2026-07-22 08:04:51,lora_link,Node3,1098.86,1,rssi=-61;snr=9.75;bytes=182
2026-07-22 08:04:51,firebase_upload,detection_system/node3,75.44,1,bytes=292
2026-07-22 08:04:53,lora_link,Node1,1100.23,1,rssi=-65;snr=9.5;bytes=182
2026-07-22 08:04:53,firebase_upload,detection_system/node1,66.33,1,bytes=291
2026-07-22 08:04:54,lora_link,Node2,1099.26,1,rssi=-65;snr=9.25;bytes=182
2026-07-22 08:04:54,firebase_upload,detection_system/node2,83.29,1,bytes=292
2026-07-22 08:04:55,lora_link,Node3,1100.49,1,rssi=-60;snr=10.0;bytes=182
2026-07-22 08:04:55,firebase_upload,detection_system/node3,75.17,1,bytes=292
2026-07-22 08:04:57,lora_link,Node1,1100.95,1,rssi=-65;snr=9.75;bytes=182
2026-07-22 08:04:57,firebase_upload,detection_system/node1,81.76,1,bytes=292
2026-07-22 08:04:58,lora_link,Node2,1093.25,1,rssi=-66;snr=10.0;bytes=182
2026-07-22 08:04:58,firebase_upload,detection_system/node2,76.23,1,bytes=292
2026-07-22 08:04:59,lora_link,Node3,1099.96,1,rssi=-59;snr=10.25;bytes=182
2026-07-22 08:04:59,firebase_upload,detection_system/node3,80.03,1,bytes=293
2026-07-22 08:05:01,lora_link,Node1,1098.29,1,rssi=-65;snr=9.75;bytes=182
2026-07-22 08:05:01,firebase_upload,detection_system/node1,75.63,1,bytes=292
2026-07-22 08:05:02,lora_link,Node2,1100.63,1,rssi=-66;snr=10.0;bytes=182
2026-07-22 08:05:02,firebase_upload,detection_system/node2,76.55,1,bytes=292
2026-07-22 08:05:03,lora_link,Node3,1100.77,1,rssi=-61;snr=9.5;bytes=182
2026-07-22 08:05:03,firebase_upload,detection_system/node3,69.25,1,bytes=291
2026-07-22 08:05:05,lora_link,Node1,1099.05,1,rssi=-65;snr=9.75;bytes=182
2026-07-22 08:05:05,firebase_upload,detection_system/node1,68.96,1,bytes=292
2026-07-22 08:05:06,lora_link,Node2,1098.89,1,rssi=-67;snr=9.75;bytes=182
2026-07-22 08:05:06,firebase_upload,detection_system/node2,192.00,1,bytes=292
2026-07-22 08:05:06,kalibrasi_compute,Node2,1.51,1,
2026-07-22 08:05:06,kalibrasi_total,Node2,75385.91,1,n_frame=20
2026-07-22 08:05:07,lora_link,Node3,1096.90,1,rssi=-61;snr=9.5;bytes=182
2026-07-22 08:05:07,firebase_upload,detection_system/node3,90.27,1,bytes=291
2026-07-22 08:05:07,kalibrasi_compute,Node3,0.56,1,
2026-07-22 08:05:07,kalibrasi_total,Node3,75282.92,1,n_frame=20
2026-07-22 08:05:09,lora_link,Node1,1096.63,1,rssi=-65;snr=9.75;bytes=182
2026-07-22 08:05:09,firebase_upload,detection_system/node1,82.48,1,bytes=292
2026-07-22 08:05:09,kalibrasi_compute,Node1,0.73,1,
2026-07-22 08:05:09,kalibrasi_total,Node1,75277.65,1,n_frame=20
2026-07-22 08:05:10,lora_link,Node2,1101.20,1,rssi=-67;snr=9.5;bytes=182
2026-07-22 08:05:10,firebase_upload,detection_system/node2,83.70,1,bytes=291
2026-07-22 08:05:11,lora_link,Node3,1100.94,1,rssi=-60;snr=9.75;bytes=182
2026-07-22 08:05:11,firebase_upload,detection_system/node3,70.98,1,bytes=292
2026-07-22 08:05:13,lora_link,Node1,1096.48,1,rssi=-64;snr=9.5;bytes=182
2026-07-22 08:05:13,firebase_upload,detection_system/node1,67.79,1,bytes=291
2026-07-22 08:05:14,lora_link,Node2,1100.89,1,rssi=-65;snr=9.5;bytes=182
2026-07-22 08:05:14,firebase_upload,detection_system/node2,81.35,1,bytes=291
2026-07-22 08:05:15,lora_link,Node3,1097.98,1,rssi=-59;snr=9.75;bytes=182
2026-07-22 08:05:15,firebase_upload,detection_system/node3,71.68,1,bytes=292
2026-07-22 08:05:17,lora_link,Node1,1096.99,1,rssi=-64;snr=10.0;bytes=182
2026-07-22 08:05:17,firebase_upload,detection_system/node1,98.79,1,bytes=292
2026-07-22 08:05:18,lora_link,Node2,1100.68,1,rssi=-65;snr=9.5;bytes=182
2026-07-22 08:05:18,firebase_upload,detection_system/node2,68.46,1,bytes=291
2026-07-22 08:05:19,lora_link,Node3,1098.40,1,rssi=-60;snr=9.75;bytes=182
2026-07-22 08:05:19,firebase_upload,detection_system/node3,69.64,1,bytes=292
2026-07-22 08:05:20,lora_link,Node1,1099.04,1,rssi=-64;snr=9.75;bytes=182
2026-07-22 08:05:21,firebase_upload,detection_system/node1,92.34,1,bytes=292
2026-07-22 08:05:22,lora_link,Node2,1095.76,1,rssi=-66;snr=9.75;bytes=182
2026-07-22 08:05:22,firebase_upload,detection_system/node2,66.12,1,bytes=292
2026-07-22 08:05:23,lora_link,Node3,1101.34,1,rssi=-60;snr=10.0;bytes=182
2026-07-22 08:05:23,firebase_upload,detection_system/node3,75.33,1,bytes=292
2026-07-22 08:05:24,lora_link,Node1,1100.75,1,rssi=-65;snr=9.5;bytes=182
2026-07-22 08:05:25,firebase_upload,detection_system/node1,80.05,1,bytes=291
2026-07-22 08:05:26,lora_link,Node2,1097.84,1,rssi=-66;snr=10.0;bytes=182
2026-07-22 08:05:26,firebase_upload,detection_system/node2,70.57,1,bytes=292
2026-07-22 08:05:26,decision,Node2,0.07,1,pred=0
2026-07-22 08:05:26,firebase_upload,detection_system/node2,71.72,1,bytes=128
2026-07-22 08:05:26,firebase_upload,Timeseries/Node2,79.57,1,bytes=58
2026-07-22 08:05:26,gw_total_frame,Node2,228.73,1,
2026-07-22 08:05:27,lora_link,Node3,1087.35,1,rssi=-60;snr=10.0;bytes=182
2026-07-22 08:05:27,firebase_upload,detection_system/node3,84.46,1,bytes=292
2026-07-22 08:05:27,decision,Node3,0.03,1,pred=0
2026-07-22 08:05:27,firebase_upload,detection_system/node3,65.83,1,bytes=128
2026-07-22 08:05:27,firebase_upload,Timeseries/Node3,69.95,1,bytes=58
2026-07-22 08:05:27,gw_total_frame,Node3,225.19,1,
2026-07-22 08:05:28,lora_link,Node1,1091.00,1,rssi=-64;snr=9.75;bytes=182
2026-07-22 08:05:28,firebase_upload,detection_system/node1,76.63,1,bytes=292
2026-07-22 08:05:28,decision,Node1,0.04,1,pred=0
2026-07-22 08:05:29,firebase_upload,detection_system/node1,74.41,1,bytes=128
2026-07-22 08:05:29,firebase_upload,Timeseries/Node1,70.27,1,bytes=58
2026-07-22 08:05:29,gw_total_frame,Node1,225.30,1,
2026-07-22 08:05:30,lora_link,Node2,1091.28,1,rssi=-66;snr=9.75;bytes=182
2026-07-22 08:05:30,firebase_upload,detection_system/node2,85.25,1,bytes=292
2026-07-22 08:05:31,lora_link,Node3,1100.97,1,rssi=-60;snr=10.0;bytes=182
2026-07-22 08:05:31,firebase_upload,detection_system/node3,70.43,1,bytes=292
2026-07-22 08:05:32,lora_link,Node1,1097.36,1,rssi=-64;snr=8.75;bytes=182
2026-07-22 08:05:32,firebase_upload,detection_system/node1,81.96,1,bytes=292
2026-07-22 08:05:34,lora_link,Node2,1094.47,1,rssi=-64;snr=9.75;bytes=182
2026-07-22 08:05:34,firebase_upload,detection_system/node2,86.36,1,bytes=292
2026-07-22 08:05:34,decision,Node2,0.04,1,pred=0
2026-07-22 08:05:34,firebase_upload,detection_system/node2,72.96,1,bytes=128
2026-07-22 08:05:34,firebase_upload,Timeseries/Node2,90.17,1,bytes=58
2026-07-22 08:05:34,gw_total_frame,Node2,255.08,1,
2026-07-22 08:05:35,lora_link,Node3,1061.00,1,rssi=-60;snr=10.0;bytes=182
2026-07-22 08:05:35,firebase_upload,detection_system/node3,72.45,1,bytes=292
2026-07-22 08:05:35,decision,Node3,0.04,1,pred=0
2026-07-22 08:05:35,firebase_upload,detection_system/node3,70.27,1,bytes=128
2026-07-22 08:05:35,firebase_upload,Timeseries/Node3,71.59,1,bytes=58
2026-07-22 08:05:35,gw_total_frame,Node3,220.28,1,
2026-07-22 08:05:36,lora_link,Node1,1095.26,1,rssi=-65;snr=9.25;bytes=182
2026-07-22 08:05:36,firebase_upload,detection_system/node1,91.02,1,bytes=292
2026-07-22 08:05:36,decision,Node1,0.04,1,pred=0
2026-07-22 08:05:36,firebase_upload,detection_system/node1,70.73,1,bytes=128
2026-07-22 08:05:37,firebase_upload,Timeseries/Node1,93.45,1,bytes=58
2026-07-22 08:05:37,gw_total_frame,Node1,260.62,1,
2026-07-22 08:05:38,lora_link,Node2,1074.71,1,rssi=-65;snr=9.5;bytes=182
2026-07-22 08:05:38,firebase_upload,detection_system/node2,71.04,1,bytes=291
2026-07-22 08:05:39,lora_link,Node3,1097.92,1,rssi=-59;snr=10.0;bytes=182
2026-07-22 08:05:39,firebase_upload,detection_system/node3,84.96,1,bytes=292
2026-07-22 08:05:40,lora_link,Node1,1094.84,1,rssi=-64;snr=9.25;bytes=182
2026-07-22 08:05:40,firebase_upload,detection_system/node1,88.60,1,bytes=292
2026-07-22 08:05:42,lora_link,Node2,1100.77,1,rssi=-65;snr=9.25;bytes=182
2026-07-22 08:05:42,firebase_upload,detection_system/node2,84.18,1,bytes=292
2026-07-22 08:05:42,decision,Node2,0.03,1,pred=0
2026-07-22 08:05:42,firebase_upload,detection_system/node2,71.77,1,bytes=128
2026-07-22 08:05:42,firebase_upload,Timeseries/Node2,91.42,1,bytes=58
2026-07-22 08:05:42,gw_total_frame,Node2,253.96,1,
2026-07-22 08:05:43,lora_link,Node3,1061.52,1,rssi=-60;snr=9.75;bytes=182
2026-07-22 08:05:43,firebase_upload,detection_system/node3,69.61,1,bytes=292
2026-07-22 08:05:43,decision,Node3,0.02,1,pred=0
2026-07-22 08:05:43,firebase_upload,detection_system/node3,69.09,1,bytes=128
2026-07-22 08:05:43,firebase_upload,Timeseries/Node3,68.75,1,bytes=58
2026-07-22 08:05:43,gw_total_frame,Node3,213.92,1,
2026-07-22 08:05:44,lora_link,Node1,1100.66,1,rssi=-65;snr=9.25;bytes=182
2026-07-22 08:05:44,firebase_upload,detection_system/node1,71.79,1,bytes=292
2026-07-22 08:05:44,decision,Node1,0.04,1,pred=0
2026-07-22 08:05:44,firebase_upload,detection_system/node1,72.50,1,bytes=128
2026-07-22 08:05:44,firebase_upload,Timeseries/Node1,67.53,1,bytes=58
2026-07-22 08:05:44,gw_total_frame,Node1,219.34,1,
2026-07-22 08:05:46,lora_link,Node2,1097.71,1,rssi=-64;snr=9.5;bytes=182
2026-07-22 08:05:46,firebase_upload,detection_system/node2,97.17,1,bytes=291
2026-07-22 08:05:47,lora_link,Node3,1100.58,1,rssi=-60;snr=10.0;bytes=182
2026-07-22 08:05:47,firebase_upload,detection_system/node3,74.77,1,bytes=292
2026-07-22 08:05:48,lora_link,Node1,1100.68,1,rssi=-64;snr=9.0;bytes=182
2026-07-22 08:05:48,firebase_upload,detection_system/node1,75.04,1,bytes=291
2026-07-22 08:05:49,lora_link,Node2,1100.49,1,rssi=-65;snr=9.5;bytes=182
2026-07-22 08:05:50,firebase_upload,detection_system/node2,72.22,1,bytes=291
2026-07-22 08:05:50,decision,Node2,0.03,1,pred=0
2026-07-22 08:05:50,firebase_upload,detection_system/node2,75.20,1,bytes=128
2026-07-22 08:05:50,firebase_upload,Timeseries/Node2,73.67,1,bytes=58
2026-07-22 08:05:50,gw_total_frame,Node2,226.41,1,
2026-07-22 08:05:51,lora_link,Node3,1089.65,1,rssi=-60;snr=9.75;bytes=182
2026-07-22 08:05:51,firebase_upload,detection_system/node3,90.09,1,bytes=292
2026-07-22 08:05:51,decision,Node3,0.03,1,pred=0
2026-07-22 08:05:51,firebase_upload,detection_system/node3,73.68,1,bytes=128
2026-07-22 08:05:51,firebase_upload,Timeseries/Node3,83.06,1,bytes=58
2026-07-22 08:05:51,gw_total_frame,Node3,251.50,1,
2026-07-22 08:05:52,lora_link,Node1,1064.39,1,rssi=-64;snr=9.25;bytes=182
2026-07-22 08:05:52,firebase_upload,detection_system/node1,72.36,1,bytes=292
2026-07-22 08:05:52,decision,Node1,0.04,1,pred=0
2026-07-22 08:05:52,firebase_upload,detection_system/node1,66.11,1,bytes=128
2026-07-22 08:05:52,firebase_upload,Timeseries/Node1,67.86,1,bytes=58
2026-07-22 08:05:52,gw_total_frame,Node1,211.11,1,
2026-07-22 08:05:53,lora_link,Node2,1094.14,1,rssi=-65;snr=9.5;bytes=182
2026-07-22 08:05:54,firebase_upload,detection_system/node2,75.73,1,bytes=291
2026-07-22 08:05:55,lora_link,Node3,1099.07,1,rssi=-60;snr=9.25;bytes=182
2026-07-22 08:05:55,firebase_upload,detection_system/node3,94.47,1,bytes=292
2026-07-22 08:05:56,lora_link,Node1,1093.85,1,rssi=-64;snr=9.5;bytes=182
2026-07-22 08:05:56,firebase_upload,detection_system/node1,87.88,1,bytes=291
2026-07-22 08:05:57,lora_link,Node2,1100.59,1,rssi=-65;snr=9.75;bytes=182
2026-07-22 08:05:57,firebase_upload,detection_system/node2,74.50,1,bytes=292
2026-07-22 08:05:57,decision,Node2,0.04,1,pred=0
2026-07-22 08:05:58,firebase_upload,detection_system/node2,73.97,1,bytes=128
2026-07-22 08:05:58,firebase_upload,Timeseries/Node2,72.76,1,bytes=58
2026-07-22 08:05:58,gw_total_frame,Node2,227.30,1,
2026-07-22 08:05:59,lora_link,Node3,1097.37,1,rssi=-60;snr=9.5;bytes=182
2026-07-22 08:05:59,firebase_upload,detection_system/node3,85.44,1,bytes=291
2026-07-22 08:05:59,decision,Node3,0.04,1,pred=0
2026-07-22 08:05:59,firebase_upload,detection_system/node3,68.75,1,bytes=128
2026-07-22 08:05:59,firebase_upload,Timeseries/Node3,73.06,1,bytes=58
2026-07-22 08:05:59,gw_total_frame,Node3,233.39,1,
2026-07-22 08:06:00,lora_link,Node1,1082.09,1,rssi=-64;snr=9.0;bytes=182
2026-07-22 08:06:00,firebase_upload,detection_system/node1,69.83,1,bytes=291
2026-07-22 08:06:00,decision,Node1,0.04,1,pred=0
2026-07-22 08:06:00,firebase_upload,detection_system/node1,80.50,1,bytes=128
2026-07-22 08:06:00,firebase_upload,Timeseries/Node1,65.06,1,bytes=58
2026-07-22 08:06:00,gw_total_frame,Node1,220.55,1,
2026-07-22 08:06:01,lora_link,Node2,1095.35,1,rssi=-65;snr=9.75;bytes=182
2026-07-22 08:06:01,firebase_upload,detection_system/node2,66.61,1,bytes=292
2026-07-22 08:06:03,lora_link,Node3,1100.63,1,rssi=-59;snr=10.0;bytes=182
2026-07-22 08:06:03,firebase_upload,detection_system/node3,67.24,1,bytes=292
2026-07-22 08:06:04,lora_link,Node1,1100.65,1,rssi=-65;snr=9.25;bytes=182
2026-07-22 08:06:04,firebase_upload,detection_system/node1,72.84,1,bytes=292
2026-07-22 08:06:05,lora_link,Node2,1093.95,1,rssi=-65;snr=9.75;bytes=182
2026-07-22 08:06:05,firebase_upload,detection_system/node2,69.64,1,bytes=292
2026-07-22 08:06:05,decision,Node2,0.03,1,pred=0
2026-07-22 08:06:05,firebase_upload,detection_system/node2,79.96,1,bytes=128
2026-07-22 08:06:06,firebase_upload,Timeseries/Node2,76.83,1,bytes=58
2026-07-22 08:06:06,gw_total_frame,Node2,232.33,1,
2026-07-22 08:06:07,lora_link,Node3,1086.70,1,rssi=-60;snr=9.5;bytes=182
2026-07-22 08:06:07,firebase_upload,detection_system/node3,69.82,1,bytes=291
2026-07-22 08:06:07,decision,Node3,0.04,1,pred=0
2026-07-22 08:06:07,firebase_upload,detection_system/node3,74.43,1,bytes=128
2026-07-22 08:06:07,firebase_upload,Timeseries/Node3,73.10,1,bytes=58
2026-07-22 08:06:07,gw_total_frame,Node3,223.04,1,
2026-07-22 08:06:08,lora_link,Node1,1093.14,1,rssi=-65;snr=9.25;bytes=182
2026-07-22 08:06:08,firebase_upload,detection_system/node1,69.08,1,bytes=292
2026-07-22 08:06:08,decision,Node1,0.03,1,pred=0
2026-07-22 08:06:08,firebase_upload,detection_system/node1,76.19,1,bytes=128
2026-07-22 08:06:08,firebase_upload,Timeseries/Node1,76.40,1,bytes=58
2026-07-22 08:06:08,gw_total_frame,Node1,228.18,1,
2026-07-22 08:06:09,lora_link,Node2,1087.41,1,rssi=-65;snr=9.75;bytes=182
2026-07-22 08:06:09,firebase_upload,detection_system/node2,80.29,1,bytes=292
2026-07-22 08:06:11,lora_link,Node3,1097.40,1,rssi=-60;snr=10.0;bytes=182
2026-07-22 08:06:11,firebase_upload,detection_system/node3,80.90,1,bytes=292
2026-07-22 08:06:12,lora_link,Node1,1098.41,1,rssi=-64;snr=9.0;bytes=182
2026-07-22 08:06:12,firebase_upload,detection_system/node1,83.60,1,bytes=291
2026-07-22 08:06:13,lora_link,Node2,1095.44,1,rssi=-66;snr=9.5;bytes=182
2026-07-22 08:06:13,firebase_upload,detection_system/node2,70.83,1,bytes=291
2026-07-22 08:06:13,decision,Node2,0.04,1,pred=0
2026-07-22 08:06:13,firebase_upload,detection_system/node2,75.15,1,bytes=128
2026-07-22 08:06:13,firebase_upload,Timeseries/Node2,71.79,1,bytes=58
2026-07-22 08:06:13,gw_total_frame,Node2,223.70,1,
2026-07-22 08:06:15,lora_link,Node3,1092.26,1,rssi=-59;snr=9.75;bytes=182
2026-07-22 08:06:15,firebase_upload,detection_system/node3,73.53,1,bytes=292
2026-07-22 08:06:15,decision,Node3,0.04,1,pred=0
2026-07-22 08:06:15,firebase_upload,detection_system/node3,80.58,1,bytes=128
2026-07-22 08:06:15,firebase_upload,Timeseries/Node3,82.93,1,bytes=58
2026-07-22 08:06:15,gw_total_frame,Node3,259.44,1,
2026-07-22 08:06:16,lora_link,Node1,1055.41,1,rssi=-65;snr=9.25;bytes=182
2026-07-22 08:06:16,firebase_upload,detection_system/node1,76.65,1,bytes=292
2026-07-22 08:06:16,decision,Node1,0.04,1,pred=0
2026-07-22 08:06:16,firebase_upload,detection_system/node1,67.97,1,bytes=128
2026-07-22 08:06:16,firebase_upload,Timeseries/Node1,69.24,1,bytes=58
2026-07-22 08:06:16,gw_total_frame,Node1,219.26,1,
2026-07-22 08:06:17,lora_link,Node2,1097.11,1,rssi=-65;snr=9.5;bytes=182
2026-07-22 08:06:17,firebase_upload,detection_system/node2,97.58,1,bytes=291
2026-07-22 08:06:19,lora_link,Node3,1100.89,1,rssi=-59;snr=9.75;bytes=182
2026-07-22 08:06:19,firebase_upload,detection_system/node3,75.81,1,bytes=292
2026-07-22 08:06:20,lora_link,Node1,1100.45,1,rssi=-63;snr=9.5;bytes=182
2026-07-22 08:06:20,firebase_upload,detection_system/node1,70.76,1,bytes=291
2026-07-22 08:06:21,lora_link,Node2,1094.51,1,rssi=-65;snr=9.5;bytes=182
2026-07-22 08:06:21,firebase_upload,detection_system/node2,74.12,1,bytes=291
2026-07-22 08:06:21,decision,Node2,0.05,1,pred=0
2026-07-22 08:06:21,firebase_upload,detection_system/node2,67.52,1,bytes=128
2026-07-22 08:06:21,firebase_upload,Timeseries/Node2,78.74,1,bytes=58
2026-07-22 08:06:21,gw_total_frame,Node2,226.00,1,
2026-07-22 08:06:22,lora_link,Node3,1090.04,1,rssi=-59;snr=9.75;bytes=182
2026-07-22 08:06:23,firebase_upload,detection_system/node3,97.73,1,bytes=292
2026-07-22 08:06:23,decision,Node3,0.04,1,pred=0
2026-07-22 08:06:23,firebase_upload,detection_system/node3,68.76,1,bytes=128
2026-07-22 08:06:23,firebase_upload,Timeseries/Node3,66.73,1,bytes=58
2026-07-22 08:06:23,gw_total_frame,Node3,238.59,1,
2026-07-22 08:06:24,lora_link,Node1,1077.06,1,rssi=-64;snr=9.5;bytes=182
2026-07-22 08:06:24,firebase_upload,detection_system/node1,66.29,1,bytes=291
2026-07-22 08:06:24,decision,Node1,0.04,1,pred=0
2026-07-22 08:06:24,firebase_upload,detection_system/node1,69.22,1,bytes=128
2026-07-22 08:06:24,firebase_upload,Timeseries/Node1,72.40,1,bytes=58
2026-07-22 08:06:24,gw_total_frame,Node1,214.15,1,
2026-07-22 08:06:25,lora_link,Node2,1100.78,1,rssi=-65;snr=9.5;bytes=182
2026-07-22 08:06:25,firebase_upload,detection_system/node2,70.20,1,bytes=291
2026-07-22 08:06:26,lora_link,Node3,1096.67,1,rssi=-59;snr=10.25;bytes=182
2026-07-22 08:06:27,firebase_upload,detection_system/node3,70.03,1,bytes=293
2026-07-22 08:06:28,lora_link,Node1,1100.04,1,rssi=-62;snr=9.0;bytes=182
2026-07-22 08:06:28,firebase_upload,detection_system/node1,74.48,1,bytes=291
2026-07-22 08:06:29,lora_link,Node2,1093.45,1,rssi=-65;snr=10.0;bytes=182
2026-07-22 08:06:29,firebase_upload,detection_system/node2,74.01,1,bytes=292
2026-07-22 08:06:29,decision,Node2,0.04,1,pred=0
2026-07-22 08:06:29,firebase_upload,detection_system/node2,67.89,1,bytes=128
2026-07-22 08:06:29,firebase_upload,Timeseries/Node2,73.08,1,bytes=58
2026-07-22 08:06:29,gw_total_frame,Node2,220.54,1,
2026-07-22 08:06:30,lora_link,Node3,1095.30,1,rssi=-59;snr=10.0;bytes=182
2026-07-22 08:06:30,firebase_upload,detection_system/node3,75.37,1,bytes=292
2026-07-22 08:06:30,decision,Node3,0.04,1,pred=0
2026-07-22 08:06:31,firebase_upload,detection_system/node3,71.82,1,bytes=128
2026-07-22 08:06:31,firebase_upload,Timeseries/Node3,67.39,1,bytes=58
2026-07-22 08:06:31,gw_total_frame,Node3,220.05,1,
2026-07-22 08:06:32,lora_link,Node1,1096.13,1,rssi=-63;snr=9.0;bytes=182
2026-07-22 08:06:32,firebase_upload,detection_system/node1,80.09,1,bytes=291
2026-07-22 08:06:32,decision,Node1,0.04,1,pred=0
2026-07-22 08:06:32,firebase_upload,detection_system/node1,78.22,1,bytes=128
2026-07-22 08:06:32,firebase_upload,Timeseries/Node1,73.56,1,bytes=58
2026-07-22 08:06:32,gw_total_frame,Node1,245.55,1,
2026-07-22 08:06:33,lora_link,Node2,1070.75,1,rssi=-65;snr=9.5;bytes=182
2026-07-22 08:06:33,firebase_upload,detection_system/node2,67.32,1,bytes=291
2026-07-22 08:06:34,lora_link,Node3,1100.58,1,rssi=-61;snr=9.25;bytes=182
2026-07-22 08:06:34,firebase_upload,detection_system/node3,70.06,1,bytes=292
2026-07-22 08:06:36,lora_link,Node1,1097.95,1,rssi=-64;snr=9.0;bytes=182
2026-07-22 08:06:36,firebase_upload,detection_system/node1,71.31,1,bytes=291
2026-07-22 08:06:37,lora_link,Node2,1098.26,1,rssi=-65;snr=9.5;bytes=182
2026-07-22 08:06:37,firebase_upload,detection_system/node2,68.30,1,bytes=291
2026-07-22 08:06:37,decision,Node2,0.04,1,pred=0
2026-07-22 08:06:37,firebase_upload,detection_system/node2,66.36,1,bytes=128
2026-07-22 08:06:37,firebase_upload,Timeseries/Node2,66.67,1,bytes=58
2026-07-22 08:06:37,gw_total_frame,Node2,206.61,1,
2026-07-22 08:06:38,lora_link,Node3,1099.01,1,rssi=-58;snr=9.75;bytes=182
2026-07-22 08:06:38,firebase_upload,detection_system/node3,69.37,1,bytes=292
2026-07-22 08:06:38,decision,Node3,0.02,1,pred=0
2026-07-22 08:06:38,firebase_upload,detection_system/node3,79.34,1,bytes=128
2026-07-22 08:06:39,firebase_upload,Timeseries/Node3,71.65,1,bytes=58
2026-07-22 08:06:39,gw_total_frame,Node3,225.40,1,
2026-07-22 08:06:40,lora_link,Node1,1090.89,1,rssi=-65;snr=10.25;bytes=182
2026-07-22 08:06:40,firebase_upload,detection_system/node1,76.00,1,bytes=293
2026-07-22 08:06:40,decision,Node1,0.03,1,pred=0
2026-07-22 08:06:40,firebase_upload,detection_system/node1,69.42,1,bytes=128
2026-07-22 08:06:40,firebase_upload,Timeseries/Node1,68.75,1,bytes=58
2026-07-22 08:06:40,gw_total_frame,Node1,220.43,1,
2026-07-22 08:06:41,lora_link,Node2,1095.17,1,rssi=-65;snr=9.25;bytes=182
2026-07-22 08:06:41,firebase_upload,detection_system/node2,74.93,1,bytes=292
2026-07-22 08:06:42,lora_link,Node3,1092.25,1,rssi=-60;snr=10.0;bytes=182
2026-07-22 08:06:42,firebase_upload,detection_system/node3,68.24,1,bytes=292
2026-07-22 08:06:44,lora_link,Node1,1100.60,1,rssi=-63;snr=9.25;bytes=182
2026-07-22 08:06:44,firebase_upload,detection_system/node1,67.40,1,bytes=292
2026-07-22 08:06:45,lora_link,Node2,1100.64,1,rssi=-65;snr=9.5;bytes=182
2026-07-22 08:06:45,firebase_upload,detection_system/node2,90.21,1,bytes=291
2026-07-22 08:06:45,decision,Node2,0.04,1,pred=0
2026-07-22 08:06:45,firebase_upload,detection_system/node2,72.22,1,bytes=128
2026-07-22 08:06:45,firebase_upload,Timeseries/Node2,76.55,1,bytes=58
2026-07-22 08:06:45,gw_total_frame,Node2,245.96,1,
2026-07-22 08:06:46,lora_link,Node3,1069.77,1,rssi=-60;snr=9.75;bytes=182
2026-07-22 08:06:46,firebase_upload,detection_system/node3,99.93,1,bytes=292
2026-07-22 08:06:46,decision,Node3,0.03,1,pred=0
2026-07-22 08:06:46,firebase_upload,detection_system/node3,80.29,1,bytes=128
2026-07-22 08:06:46,firebase_upload,Timeseries/Node3,77.86,1,bytes=58
2026-07-22 08:06:46,gw_total_frame,Node3,265.82,1,
2026-07-22 08:06:48,lora_link,Node1,1049.81,1,rssi=-64;snr=9.5;bytes=182
2026-07-22 08:06:48,firebase_upload,detection_system/node1,76.71,1,bytes=291
2026-07-22 08:06:48,decision,Node1,0.04,1,pred=0
2026-07-22 08:06:48,firebase_upload,detection_system/node1,77.95,1,bytes=128
2026-07-22 08:06:48,firebase_upload,Timeseries/Node1,72.07,1,bytes=58
2026-07-22 08:06:48,gw_total_frame,Node1,232.38,1,
2026-07-22 08:06:49,lora_link,Node2,1085.69,1,rssi=-65;snr=9.25;bytes=182
2026-07-22 08:06:49,firebase_upload,detection_system/node2,65.27,1,bytes=292
2026-07-22 08:06:50,lora_link,Node3,1092.29,1,rssi=-60;snr=9.5;bytes=182
2026-07-22 08:06:50,firebase_upload,detection_system/node3,72.76,1,bytes=291
2026-07-22 08:06:51,lora_link,Node1,1095.25,1,rssi=-64;snr=9.25;bytes=182
2026-07-22 08:06:52,firebase_upload,detection_system/node1,73.06,1,bytes=292
2026-07-22 08:06:53,lora_link,Node2,1095.36,1,rssi=-65;snr=9.5;bytes=182
2026-07-22 08:06:53,firebase_upload,detection_system/node2,70.66,1,bytes=291
2026-07-22 08:06:53,decision,Node2,0.04,1,pred=0
2026-07-22 08:06:53,firebase_upload,detection_system/node2,75.04,1,bytes=128
2026-07-22 08:06:53,firebase_upload,Timeseries/Node2,67.20,1,bytes=58
2026-07-22 08:06:53,gw_total_frame,Node2,218.82,1,
2026-07-22 08:06:54,lora_link,Node3,1097.42,1,rssi=-59;snr=10.0;bytes=182
2026-07-22 08:06:54,firebase_upload,detection_system/node3,76.91,1,bytes=292
2026-07-22 08:06:54,decision,Node3,0.17,1,pred=0
2026-07-22 08:06:54,firebase_upload,detection_system/node3,68.88,1,bytes=128
2026-07-22 08:06:55,firebase_upload,Timeseries/Node3,514.63,1,bytes=58
2026-07-22 08:06:55,gw_total_frame,Node3,666.60,1,
2026-07-22 08:06:55,lora_link,Node1,649.97,1,rssi=-63;snr=9.5;bytes=182
2026-07-22 08:06:56,firebase_upload,detection_system/node1,74.69,1,bytes=291
2026-07-22 08:06:56,decision,Node1,0.04,1,pred=0
2026-07-22 08:06:56,firebase_upload,detection_system/node1,73.65,1,bytes=128
2026-07-22 08:06:56,firebase_upload,Timeseries/Node1,72.97,1,bytes=58
2026-07-22 08:06:56,gw_total_frame,Node1,227.07,1,
2026-07-22 08:06:57,lora_link,Node2,1089.42,1,rssi=-64;snr=9.25;bytes=182
2026-07-22 08:06:57,firebase_upload,detection_system/node2,69.82,1,bytes=292
2026-07-22 08:06:58,lora_link,Node3,1097.53,1,rssi=-60;snr=9.75;bytes=182
2026-07-22 08:06:58,firebase_upload,detection_system/node3,68.24,1,bytes=292
2026-07-22 08:06:59,lora_link,Node1,1100.92,1,rssi=-64;snr=9.25;bytes=182
2026-07-22 08:06:59,firebase_upload,detection_system/node1,66.43,1,bytes=292
2026-07-22 08:07:01,lora_link,Node2,1092.12,1,rssi=-65;snr=9.5;bytes=182
2026-07-22 08:07:01,firebase_upload,detection_system/node2,93.98,1,bytes=291
2026-07-22 08:07:01,decision,Node2,0.04,1,pred=0
2026-07-22 08:07:01,firebase_upload,detection_system/node2,82.76,1,bytes=128
2026-07-22 08:07:01,firebase_upload,Timeseries/Node2,67.97,1,bytes=58
2026-07-22 08:07:01,gw_total_frame,Node2,249.12,1,
2026-07-22 08:07:02,lora_link,Node3,1086.54,1,rssi=-60;snr=10.25;bytes=182
2026-07-22 08:07:02,firebase_upload,detection_system/node3,74.96,1,bytes=293
2026-07-22 08:07:02,decision,Node3,0.03,1,pred=0
2026-07-22 08:07:02,firebase_upload,detection_system/node3,68.83,1,bytes=128
2026-07-22 08:07:02,firebase_upload,Timeseries/Node3,83.22,1,bytes=58
2026-07-22 08:07:02,gw_total_frame,Node3,232.89,1,
2026-07-22 08:07:03,lora_link,Node1,1082.91,1,rssi=-63;snr=9.5;bytes=182
2026-07-22 08:07:03,firebase_upload,detection_system/node1,77.17,1,bytes=291
2026-07-22 08:07:03,decision,Node1,0.09,1,pred=0
2026-07-22 08:07:04,firebase_upload,detection_system/node1,73.98,1,bytes=128
2026-07-22 08:07:04,firebase_upload,Timeseries/Node1,72.21,1,bytes=58
2026-07-22 08:07:04,gw_total_frame,Node1,235.97,1,
2026-07-22 08:07:05,lora_link,Node2,1080.26,1,rssi=-65;snr=9.25;bytes=182
2026-07-22 08:07:05,firebase_upload,detection_system/node2,80.96,1,bytes=292
2026-07-22 08:07:06,lora_link,Node3,1093.11,1,rssi=-60;snr=9.5;bytes=182
2026-07-22 08:07:06,firebase_upload,detection_system/node3,67.50,1,bytes=291
2026-07-22 08:07:07,lora_link,Node1,1099.10,1,rssi=-64;snr=9.25;bytes=182
2026-07-22 08:07:07,firebase_upload,detection_system/node1,67.74,1,bytes=292
2026-07-22 08:07:09,lora_link,Node2,1091.67,1,rssi=-65;snr=9.75;bytes=182
2026-07-22 08:07:09,firebase_upload,detection_system/node2,80.21,1,bytes=292
2026-07-22 08:07:09,decision,Node2,0.04,1,pred=0
2026-07-22 08:07:09,firebase_upload,detection_system/node2,96.47,1,bytes=128
2026-07-22 08:07:09,firebase_upload,Timeseries/Node2,71.47,1,bytes=58
2026-07-22 08:07:09,gw_total_frame,Node2,254.99,1,
2026-07-22 08:07:10,lora_link,Node3,1063.15,1,rssi=-59;snr=9.75;bytes=182
2026-07-22 08:07:10,firebase_upload,detection_system/node3,71.96,1,bytes=292
2026-07-22 08:07:10,decision,Node3,0.04,1,pred=0
2026-07-22 08:07:10,firebase_upload,detection_system/node3,82.59,1,bytes=128
2026-07-22 08:07:10,firebase_upload,Timeseries/Node3,77.43,1,bytes=58
2026-07-22 08:07:10,gw_total_frame,Node3,237.46,1,
2026-07-22 08:07:11,lora_link,Node1,1077.90,1,rssi=-64;snr=9.75;bytes=182
2026-07-22 08:07:11,firebase_upload,detection_system/node1,68.97,1,bytes=292
2026-07-22 08:07:11,decision,Node1,0.04,1,pred=0
2026-07-22 08:07:11,firebase_upload,detection_system/node1,73.24,1,bytes=128
2026-07-22 08:07:11,firebase_upload,Timeseries/Node1,67.71,1,bytes=58
2026-07-22 08:07:11,gw_total_frame,Node1,214.69,1,
2026-07-22 08:07:13,lora_link,Node2,1100.69,1,rssi=-65;snr=9.5;bytes=182
2026-07-22 08:07:13,firebase_upload,detection_system/node2,77.93,1,bytes=291
2026-07-22 08:07:14,lora_link,Node3,1100.65,1,rssi=-60;snr=9.5;bytes=182
2026-07-22 08:07:14,firebase_upload,detection_system/node3,68.41,1,bytes=291
2026-07-22 08:07:15,lora_link,Node1,1099.41,1,rssi=-64;snr=9.0;bytes=182
2026-07-22 08:07:15,firebase_upload,detection_system/node1,70.14,1,bytes=291
2026-07-22 08:07:17,lora_link,Node2,1098.48,1,rssi=-65;snr=9.75;bytes=182
2026-07-22 08:07:17,firebase_upload,detection_system/node2,70.74,1,bytes=292
2026-07-22 08:07:17,decision,Node2,0.03,1,pred=0
2026-07-22 08:07:17,firebase_upload,detection_system/node2,73.98,1,bytes=128
2026-07-22 08:07:17,firebase_upload,Timeseries/Node2,102.85,1,bytes=58
2026-07-22 08:07:17,gw_total_frame,Node2,251.68,1,
2026-07-22 08:07:18,lora_link,Node3,1064.68,1,rssi=-60;snr=9.75;bytes=182
2026-07-22 08:07:18,firebase_upload,detection_system/node3,65.83,1,bytes=292
2026-07-22 08:07:18,decision,Node3,0.04,1,pred=0
2026-07-22 08:07:18,firebase_upload,detection_system/node3,72.49,1,bytes=128
2026-07-22 08:07:18,firebase_upload,Timeseries/Node3,69.75,1,bytes=58
2026-07-22 08:07:18,gw_total_frame,Node3,212.34,1,
2026-07-22 08:07:19,lora_link,Node1,1093.68,1,rssi=-64;snr=9.25;bytes=182
2026-07-22 08:07:19,firebase_upload,detection_system/node1,70.92,1,bytes=292
2026-07-22 08:07:19,decision,Node1,0.04,1,pred=0
2026-07-22 08:07:19,firebase_upload,detection_system/node1,69.32,1,bytes=128
2026-07-22 08:07:19,firebase_upload,Timeseries/Node1,95.26,1,bytes=58
2026-07-22 08:07:19,gw_total_frame,Node1,240.77,1,
2026-07-22 08:07:21,lora_link,Node2,1075.06,1,rssi=-65;snr=10.25;bytes=182
2026-07-22 08:07:21,firebase_upload,detection_system/node2,81.12,1,bytes=293
2026-07-22 08:07:22,lora_link,Node3,1097.79,1,rssi=-60;snr=10.0;bytes=182
2026-07-22 08:07:22,firebase_upload,detection_system/node3,94.94,1,bytes=292
2026-07-22 08:07:23,lora_link,Node1,1093.35,1,rssi=-64;snr=9.25;bytes=182
2026-07-22 08:07:23,firebase_upload,detection_system/node1,70.13,1,bytes=292
2026-07-22 08:07:24,lora_link,Node2,1097.83,1,rssi=-65;snr=9.5;bytes=182
2026-07-22 08:07:25,firebase_upload,detection_system/node2,76.69,1,bytes=291
2026-07-22 08:07:25,decision,Node2,0.03,1,pred=0
2026-07-22 08:07:25,firebase_upload,detection_system/node2,71.83,1,bytes=128
2026-07-22 08:07:25,firebase_upload,Timeseries/Node2,65.70,1,bytes=58
2026-07-22 08:07:25,gw_total_frame,Node2,218.16,1,
2026-07-22 08:07:26,lora_link,Node3,1097.59,1,rssi=-60;snr=10.0;bytes=182
2026-07-22 08:07:26,firebase_upload,detection_system/node3,68.37,1,bytes=292
2026-07-22 08:07:26,decision,Node3,0.03,1,pred=0
2026-07-22 08:07:26,firebase_upload,detection_system/node3,68.66,1,bytes=128
2026-07-22 08:07:26,firebase_upload,Timeseries/Node3,77.90,1,bytes=58
2026-07-22 08:07:26,gw_total_frame,Node3,219.23,1,
2026-07-22 08:07:27,lora_link,Node1,1097.45,1,rssi=-63;snr=9.5;bytes=182
2026-07-22 08:07:27,firebase_upload,detection_system/node1,70.40,1,bytes=291
2026-07-22 08:07:27,decision,Node1,0.03,1,pred=0
2026-07-22 08:07:27,firebase_upload,detection_system/node1,73.34,1,bytes=128
2026-07-22 08:07:27,firebase_upload,Timeseries/Node1,79.53,1,bytes=58
2026-07-22 08:07:27,gw_total_frame,Node1,227.45,1,
2026-07-22 08:07:28,lora_link,Node2,1088.47,1,rssi=-65;snr=9.75;bytes=182
2026-07-22 08:07:29,firebase_upload,detection_system/node2,85.20,1,bytes=292
2026-07-22 08:07:30,lora_link,Node3,1093.94,1,rssi=-59;snr=9.75;bytes=182
2026-07-22 08:07:30,firebase_upload,detection_system/node3,76.91,1,bytes=292
2026-07-22 08:07:31,lora_link,Node1,1100.95,1,rssi=-63;snr=9.5;bytes=182
2026-07-22 08:07:31,firebase_upload,detection_system/node1,68.63,1,bytes=291
2026-07-22 08:07:32,lora_link,Node2,1100.99,1,rssi=-65;snr=10.25;bytes=182
2026-07-22 08:07:32,firebase_upload,detection_system/node2,91.24,1,bytes=293
2026-07-22 08:07:32,decision,Node2,0.04,1,pred=0
2026-07-22 08:07:33,firebase_upload,detection_system/node2,71.64,1,bytes=128
2026-07-22 08:07:33,firebase_upload,Timeseries/Node2,69.98,1,bytes=58
2026-07-22 08:07:33,gw_total_frame,Node2,237.59,1,
2026-07-22 08:07:34,lora_link,Node3,1078.23,1,rssi=-60;snr=9.75;bytes=182
2026-07-22 08:07:34,firebase_upload,detection_system/node3,86.46,1,bytes=292
2026-07-22 08:07:34,decision,Node3,0.06,1,pred=0
2026-07-22 08:07:34,firebase_upload,detection_system/node3,65.22,1,bytes=128
2026-07-22 08:07:34,firebase_upload,Timeseries/Node3,91.31,1,bytes=58
2026-07-22 08:07:34,gw_total_frame,Node3,248.45,1,
2026-07-22 08:07:35,lora_link,Node1,1067.64,1,rssi=-64;snr=9.25;bytes=182
2026-07-22 08:07:35,firebase_upload,detection_system/node1,68.16,1,bytes=292
2026-07-22 08:07:35,decision,Node1,0.02,1,pred=0
2026-07-22 08:07:35,firebase_upload,detection_system/node1,65.54,1,bytes=128
2026-07-22 08:07:35,firebase_upload,Timeseries/Node1,75.71,1,bytes=58
2026-07-22 08:07:35,gw_total_frame,Node1,213.57,1,
2026-07-22 08:07:36,lora_link,Node2,1092.77,1,rssi=-65;snr=10.0;bytes=182
2026-07-22 08:07:36,firebase_upload,detection_system/node2,74.83,1,bytes=292
2026-07-22 08:07:38,lora_link,Node3,1091.83,1,rssi=-60;snr=9.75;bytes=182
2026-07-22 08:07:38,firebase_upload,detection_system/node3,69.57,1,bytes=292
2026-07-22 08:07:39,lora_link,Node1,1096.17,1,rssi=-64;snr=9.0;bytes=182
2026-07-22 08:07:39,firebase_upload,detection_system/node1,68.89,1,bytes=291
2026-07-22 08:07:40,lora_link,Node2,1097.53,1,rssi=-65;snr=9.5;bytes=182
2026-07-22 08:07:40,firebase_upload,detection_system/node2,85.40,1,bytes=291
2026-07-22 08:07:40,decision,Node2,0.05,1,pred=0
2026-07-22 08:07:40,firebase_upload,detection_system/node2,71.02,1,bytes=128
2026-07-22 08:07:41,firebase_upload,Timeseries/Node2,93.27,1,bytes=58
2026-07-22 08:07:41,gw_total_frame,Node2,255.07,1,
2026-07-22 08:07:42,lora_link,Node3,1060.63,1,rssi=-60;snr=9.75;bytes=182
2026-07-22 08:07:42,firebase_upload,detection_system/node3,69.70,1,bytes=292
2026-07-22 08:07:42,decision,Node3,0.04,1,pred=0
2026-07-22 08:07:42,firebase_upload,detection_system/node3,91.58,1,bytes=128
2026-07-22 08:07:42,firebase_upload,Timeseries/Node3,76.73,1,bytes=58
2026-07-22 08:07:42,gw_total_frame,Node3,242.51,1,
2026-07-22 08:07:43,lora_link,Node1,1073.16,1,rssi=-64;snr=9.0;bytes=182
2026-07-22 08:07:43,firebase_upload,detection_system/node1,70.85,1,bytes=291
2026-07-22 08:07:43,decision,Node1,0.04,1,pred=0
2026-07-22 08:07:43,firebase_upload,detection_system/node1,66.44,1,bytes=128
2026-07-22 08:07:43,firebase_upload,Timeseries/Node1,74.06,1,bytes=58
2026-07-22 08:07:43,gw_total_frame,Node1,216.86,1,
2026-07-22 08:07:44,lora_link,Node2,1098.73,1,rssi=-65;snr=10.25;bytes=182
2026-07-22 08:07:44,firebase_upload,detection_system/node2,72.57,1,bytes=293
2026-07-22 08:07:46,lora_link,Node3,1092.71,1,rssi=-60;snr=10.0;bytes=182
2026-07-22 08:07:46,firebase_upload,detection_system/node3,67.63,1,bytes=292
2026-07-22 08:07:47,lora_link,Node1,1100.80,1,rssi=-64;snr=9.5;bytes=182
2026-07-22 08:07:47,firebase_upload,detection_system/node1,67.44,1,bytes=291
2026-07-22 08:07:48,lora_link,Node2,1100.71,1,rssi=-65;snr=9.75;bytes=182
2026-07-22 08:07:48,firebase_upload,detection_system/node2,74.08,1,bytes=292
2026-07-22 08:07:48,decision,Node2,0.04,1,pred=0
2026-07-22 08:07:48,firebase_upload,detection_system/node2,69.75,1,bytes=128
2026-07-22 08:07:48,firebase_upload,Timeseries/Node2,73.60,1,bytes=58
2026-07-22 08:07:48,gw_total_frame,Node2,224.66,1,
2026-07-22 08:07:50,lora_link,Node3,1091.48,1,rssi=-60;snr=10.25;bytes=182
2026-07-22 08:07:50,firebase_upload,detection_system/node3,86.79,1,bytes=293
2026-07-22 08:07:50,decision,Node3,0.04,1,pred=0
2026-07-22 08:07:50,firebase_upload,detection_system/node3,74.37,1,bytes=128
2026-07-22 08:07:50,firebase_upload,Timeseries/Node3,70.53,1,bytes=58
2026-07-22 08:07:50,gw_total_frame,Node3,236.79,1,
2026-07-22 08:07:51,lora_link,Node1,1077.95,1,rssi=-64;snr=9.0;bytes=182
2026-07-22 08:07:51,firebase_upload,detection_system/node1,86.69,1,bytes=291
2026-07-22 08:07:51,decision,Node1,0.04,1,pred=0
2026-07-22 08:07:51,firebase_upload,detection_system/node1,91.86,1,bytes=128
2026-07-22 08:07:51,firebase_upload,Timeseries/Node1,68.91,1,bytes=58
2026-07-22 08:07:51,gw_total_frame,Node1,252.91,1,
2026-07-22 08:07:52,lora_link,Node2,1066.52,1,rssi=-64;snr=9.5;bytes=182
2026-07-22 08:07:52,firebase_upload,detection_system/node2,87.51,1,bytes=291
2026-07-22 08:07:54,lora_link,Node3,1098.55,1,rssi=-60;snr=9.75;bytes=182
2026-07-22 08:07:54,firebase_upload,detection_system/node3,67.99,1,bytes=292
2026-07-22 08:07:55,lora_link,Node1,1099.74,1,rssi=-63;snr=9.0;bytes=182
2026-07-22 08:07:55,firebase_upload,detection_system/node1,70.45,1,bytes=291
2026-07-22 08:07:56,lora_link,Node2,1098.56,1,rssi=-65;snr=10.0;bytes=182
2026-07-22 08:07:56,firebase_upload,detection_system/node2,78.39,1,bytes=292
2026-07-22 08:07:56,decision,Node2,0.04,1,pred=0
2026-07-22 08:07:56,firebase_upload,detection_system/node2,72.08,1,bytes=128
2026-07-22 08:07:56,firebase_upload,Timeseries/Node2,75.43,1,bytes=58
2026-07-22 08:07:56,gw_total_frame,Node2,231.42,1,
2026-07-22 08:07:57,lora_link,Node3,1084.91,1,rssi=-60;snr=9.25;bytes=182
2026-07-22 08:07:58,firebase_upload,detection_system/node3,69.20,1,bytes=292
2026-07-22 08:07:58,decision,Node3,0.03,1,pred=0
2026-07-22 08:07:58,firebase_upload,detection_system/node3,75.67,1,bytes=128
2026-07-22 08:07:58,firebase_upload,Timeseries/Node3,72.99,1,bytes=58
2026-07-22 08:07:58,gw_total_frame,Node3,223.10,1,
2026-07-22 08:07:59,lora_link,Node1,1091.61,1,rssi=-63;snr=9.25;bytes=182
2026-07-22 08:07:59,firebase_upload,detection_system/node1,66.18,1,bytes=292
2026-07-22 08:07:59,decision,Node1,0.04,1,pred=0
2026-07-22 08:07:59,firebase_upload,detection_system/node1,73.00,1,bytes=128
2026-07-22 08:07:59,firebase_upload,Timeseries/Node1,68.41,1,bytes=58
2026-07-22 08:07:59,gw_total_frame,Node1,213.44,1,
2026-07-22 08:08:00,lora_link,Node2,1100.83,1,rssi=-65;snr=9.25;bytes=182
2026-07-22 08:08:00,firebase_upload,detection_system/node2,76.50,1,bytes=292
2026-07-22 08:08:01,lora_link,Node3,1100.64,1,rssi=-60;snr=9.25;bytes=182
2026-07-22 08:08:01,firebase_upload,detection_system/node3,66.34,1,bytes=292
2026-07-22 08:08:03,lora_link,Node1,1100.70,1,rssi=-64;snr=9.25;bytes=182
2026-07-22 08:08:03,firebase_upload,detection_system/node1,81.27,1,bytes=292
2026-07-22 08:08:04,lora_link,Node2,1095.44,1,rssi=-65;snr=9.5;bytes=182
2026-07-22 08:08:04,firebase_upload,detection_system/node2,72.39,1,bytes=291
2026-07-22 08:08:04,decision,Node2,0.04,1,pred=0
2026-07-22 08:08:04,firebase_upload,detection_system/node2,84.92,1,bytes=128
2026-07-22 08:08:04,firebase_upload,Timeseries/Node2,69.24,1,bytes=58
2026-07-22 08:08:04,gw_total_frame,Node2,233.77,1,
2026-07-22 08:08:05,lora_link,Node3,1092.16,1,rssi=-60;snr=9.75;bytes=182
2026-07-22 08:08:05,firebase_upload,detection_system/node3,74.14,1,bytes=292
2026-07-22 08:08:05,decision,Node3,0.04,1,pred=0
2026-07-22 08:08:06,firebase_upload,detection_system/node3,80.03,1,bytes=128
2026-07-22 08:08:06,firebase_upload,Timeseries/Node3,78.83,1,bytes=58
2026-07-22 08:08:06,gw_total_frame,Node3,240.28,1,
2026-07-22 08:08:07,lora_link,Node1,1075.48,1,rssi=-64;snr=9.75;bytes=182
2026-07-22 08:08:07,firebase_upload,detection_system/node1,84.77,1,bytes=292
2026-07-22 08:08:07,decision,Node1,0.04,1,pred=0
2026-07-22 08:08:07,firebase_upload,detection_system/node1,95.06,1,bytes=128
2026-07-22 08:08:07,firebase_upload,Timeseries/Node1,70.63,1,bytes=58
2026-07-22 08:08:07,gw_total_frame,Node1,255.81,1,
2026-07-22 08:08:08,lora_link,Node2,1059.67,1,rssi=-65;snr=9.75;bytes=182
2026-07-22 08:08:08,firebase_upload,detection_system/node2,88.40,1,bytes=292
2026-07-22 08:08:09,lora_link,Node3,1100.55,1,rssi=-60;snr=9.5;bytes=182
2026-07-22 08:08:09,firebase_upload,detection_system/node3,70.76,1,bytes=291
2026-07-22 08:08:11,lora_link,Node1,1496.74,0,
2026-07-22 08:08:12,lora_link,Node2,1100.61,1,rssi=-66;snr=9.25;bytes=182
2026-07-22 08:08:12,firebase_upload,detection_system/node2,68.01,1,bytes=292
2026-07-22 08:08:12,decision,Node2,0.04,1,pred=0
2026-07-22 08:08:12,firebase_upload,detection_system/node2,68.27,1,bytes=128
2026-07-22 08:08:13,firebase_upload,Timeseries/Node2,68.87,1,bytes=58
2026-07-22 08:08:13,gw_total_frame,Node2,210.61,1,
2026-07-22 08:08:14,lora_link,Node3,1094.36,1,rssi=-59;snr=9.75;bytes=182
2026-07-22 08:08:14,firebase_upload,detection_system/node3,72.35,1,bytes=292
2026-07-22 08:08:14,decision,Node3,0.03,1,pred=0
2026-07-22 08:08:14,firebase_upload,detection_system/node3,70.26,1,bytes=128
2026-07-22 08:08:14,firebase_upload,Timeseries/Node3,67.51,1,bytes=58
2026-07-22 08:08:14,gw_total_frame,Node3,215.42,1,
2026-07-22 08:08:15,lora_link,Node1,1100.83,1,rssi=-64;snr=9.5;bytes=182
2026-07-22 08:08:15,firebase_upload,detection_system/node1,75.36,1,bytes=291
2026-07-22 08:08:16,lora_link,Node2,1095.48,1,rssi=-64;snr=9.25;bytes=182
2026-07-22 08:08:16,firebase_upload,detection_system/node2,67.80,1,bytes=292
2026-07-22 08:08:18,lora_link,Node3,1100.66,1,rssi=-59;snr=9.75;bytes=182
2026-07-22 08:08:18,firebase_upload,detection_system/node3,91.34,1,bytes=292
2026-07-22 08:08:19,lora_link,Node1,1097.89,1,rssi=-63;snr=9.75;bytes=182
2026-07-22 08:08:19,firebase_upload,detection_system/node1,99.03,1,bytes=292
2026-07-22 08:08:19,decision,Node1,0.03,1,pred=0
2026-07-22 08:08:19,firebase_upload,detection_system/node1,86.23,1,bytes=128
2026-07-22 08:08:19,firebase_upload,Timeseries/Node1,69.97,1,bytes=58
2026-07-22 08:08:19,gw_total_frame,Node1,261.34,1,
2026-07-22 08:08:20,lora_link,Node2,1054.59,1,rssi=-65;snr=9.5;bytes=182
2026-07-22 08:08:20,firebase_upload,detection_system/node2,65.24,1,bytes=291
2026-07-22 08:08:20,decision,Node2,0.03,1,pred=0
2026-07-22 08:08:20,firebase_upload,detection_system/node2,76.50,1,bytes=128
2026-07-22 08:08:20,firebase_upload,Timeseries/Node2,70.05,1,bytes=58
2026-07-22 08:08:20,gw_total_frame,Node2,216.40,1,
2026-07-22 08:08:22,lora_link,Node3,1099.72,1,rssi=-59;snr=9.75;bytes=182
2026-07-22 08:08:22,firebase_upload,detection_system/node3,103.49,1,bytes=292
2026-07-22 08:08:22,decision,Node3,0.04,1,pred=0
2026-07-22 08:08:22,firebase_upload,detection_system/node3,77.68,1,bytes=128
2026-07-22 08:08:22,firebase_upload,Timeseries/Node3,80.01,1,bytes=58
2026-07-22 08:08:22,gw_total_frame,Node3,269.91,1,
2026-07-22 08:08:23,lora_link,Node1,1046.04,1,rssi=-64;snr=9.25;bytes=182
2026-07-22 08:08:23,firebase_upload,detection_system/node1,71.93,1,bytes=292
2026-07-22 08:08:24,lora_link,Node2,1095.51,1,rssi=-65;snr=9.75;bytes=182
2026-07-22 08:08:24,firebase_upload,detection_system/node2,68.90,1,bytes=292
2026-07-22 08:08:26,lora_link,Node3,1099.91,1,rssi=-59;snr=9.5;bytes=182
2026-07-22 08:08:26,firebase_upload,detection_system/node3,68.96,1,bytes=291
2026-07-22 08:08:27,lora_link,Node1,1099.20,1,rssi=-64;snr=9.0;bytes=182
2026-07-22 08:08:27,firebase_upload,detection_system/node1,67.54,1,bytes=291
2026-07-22 08:08:27,decision,Node1,0.04,1,pred=0
2026-07-22 08:08:27,firebase_upload,detection_system/node1,75.71,1,bytes=128
2026-07-22 08:08:27,firebase_upload,Timeseries/Node1,69.64,1,bytes=58
2026-07-22 08:08:27,gw_total_frame,Node1,219.35,1,
2026-07-22 08:08:28,lora_link,Node2,1096.46,1,rssi=-65;snr=9.5;bytes=182
2026-07-22 08:08:28,firebase_upload,detection_system/node2,67.59,1,bytes=291
2026-07-22 08:08:28,decision,Node2,0.04,1,pred=0
2026-07-22 08:08:28,firebase_upload,detection_system/node2,64.85,1,bytes=128
2026-07-22 08:08:28,firebase_upload,Timeseries/Node2,66.61,1,bytes=58
2026-07-22 08:08:28,gw_total_frame,Node2,204.54,1,
2026-07-22 08:08:30,lora_link,Node3,1100.60,1,rssi=-60;snr=9.75;bytes=182
2026-07-22 08:08:30,firebase_upload,detection_system/node3,67.80,1,bytes=292
2026-07-22 08:08:30,decision,Node3,0.04,1,pred=0
2026-07-22 08:08:30,firebase_upload,detection_system/node3,79.58,1,bytes=128
2026-07-22 08:08:30,firebase_upload,Timeseries/Node3,74.67,1,bytes=58
2026-07-22 08:08:30,gw_total_frame,Node3,227.49,1,
2026-07-22 08:08:31,lora_link,Node1,1088.12,1,rssi=-63;snr=9.25;bytes=182
2026-07-22 08:08:31,firebase_upload,detection_system/node1,70.75,1,bytes=292
2026-07-22 08:08:32,lora_link,Node2,1093.87,1,rssi=-65;snr=9.75;bytes=182
2026-07-22 08:08:32,firebase_upload,detection_system/node2,72.30,1,bytes=292
2026-07-22 08:08:33,lora_link,Node3,1094.57,1,rssi=-60;snr=9.5;bytes=182
2026-07-22 08:08:34,firebase_upload,detection_system/node3,71.81,1,bytes=291
2026-07-22 08:08:35,lora_link,Node1,1095.01,1,rssi=-63;snr=9.0;bytes=182
2026-07-22 08:08:35,firebase_upload,detection_system/node1,67.82,1,bytes=291
2026-07-22 08:08:35,decision,Node1,0.03,1,pred=0
2026-07-22 08:08:35,firebase_upload,detection_system/node1,68.56,1,bytes=128
2026-07-22 08:08:35,firebase_upload,Timeseries/Node1,67.03,1,bytes=58
2026-07-22 08:08:35,gw_total_frame,Node1,209.41,1,
2026-07-22 08:08:36,lora_link,Node2,1095.49,1,rssi=-65;snr=10.25;bytes=182
2026-07-22 08:08:36,firebase_upload,detection_system/node2,73.73,1,bytes=293
2026-07-22 08:08:36,decision,Node2,0.03,1,pred=0
2026-07-22 08:08:36,firebase_upload,detection_system/node2,70.74,1,bytes=128
2026-07-22 08:08:36,firebase_upload,Timeseries/Node2,85.95,1,bytes=58
2026-07-22 08:08:36,gw_total_frame,Node2,235.82,1,
2026-07-22 08:08:37,lora_link,Node3,1082.12,1,rssi=-59;snr=9.75;bytes=182
2026-07-22 08:08:37,firebase_upload,detection_system/node3,68.78,1,bytes=292
2026-07-22 08:08:37,decision,Node3,0.03,1,pred=0
2026-07-22 08:08:38,firebase_upload,detection_system/node3,71.59,1,bytes=128
2026-07-22 08:08:38,firebase_upload,Timeseries/Node3,75.90,1,bytes=58
2026-07-22 08:08:38,gw_total_frame,Node3,221.52,1,
2026-07-22 08:08:39,lora_link,Node1,1094.30,1,rssi=-64;snr=9.25;bytes=182
2026-07-22 08:08:39,firebase_upload,detection_system/node1,89.15,1,bytes=292
2026-07-22 08:08:40,lora_link,Node2,1097.35,1,rssi=-66;snr=9.75;bytes=182
2026-07-22 08:08:40,firebase_upload,detection_system/node2,73.55,1,bytes=292
2026-07-22 08:08:41,lora_link,Node3,1093.71,1,rssi=-60;snr=9.5;bytes=182
2026-07-22 08:08:41,firebase_upload,detection_system/node3,86.27,1,bytes=291
2026-07-22 08:08:43,lora_link,Node1,1097.50,1,rssi=-64;snr=8.75;bytes=182
2026-07-22 08:08:43,firebase_upload,detection_system/node1,76.16,1,bytes=292
2026-07-22 08:08:43,decision,Node1,0.04,1,pred=0
2026-07-22 08:08:43,firebase_upload,detection_system/node1,72.82,1,bytes=128
2026-07-22 08:08:43,firebase_upload,Timeseries/Node1,92.03,1,bytes=58
2026-07-22 08:08:43,gw_total_frame,Node1,247.19,1,
2026-07-22 08:08:44,lora_link,Node2,1069.13,1,rssi=-65;snr=9.5;bytes=182
2026-07-22 08:08:44,firebase_upload,detection_system/node2,66.87,1,bytes=291
2026-07-22 08:08:44,decision,Node2,0.04,1,pred=0
2026-07-22 08:08:44,firebase_upload,detection_system/node2,68.97,1,bytes=128
2026-07-22 08:08:44,firebase_upload,Timeseries/Node2,66.06,1,bytes=58
2026-07-22 08:08:44,gw_total_frame,Node2,208.00,1,
2026-07-22 08:08:45,lora_link,Node3,1097.78,1,rssi=-59;snr=10.0;bytes=182
2026-07-22 08:08:45,firebase_upload,detection_system/node3,71.91,1,bytes=292
2026-07-22 08:08:45,decision,Node3,0.06,1,pred=0
2026-07-22 08:08:45,firebase_upload,detection_system/node3,67.23,1,bytes=128
2026-07-22 08:08:46,firebase_upload,Timeseries/Node3,68.23,1,bytes=58
2026-07-22 08:08:46,gw_total_frame,Node3,213.46,1,
2026-07-22 08:08:47,lora_link,Node1,1100.79,1,rssi=-63;snr=9.5;bytes=182
2026-07-22 08:08:47,firebase_upload,detection_system/node1,72.80,1,bytes=291
2026-07-22 08:08:48,lora_link,Node2,1097.03,1,rssi=-65;snr=9.5;bytes=182
2026-07-22 08:08:48,firebase_upload,detection_system/node2,74.10,1,bytes=291
2026-07-22 08:08:49,lora_link,Node3,1094.78,1,rssi=-60;snr=9.5;bytes=182
2026-07-22 08:08:49,firebase_upload,detection_system/node3,76.07,1,bytes=291
2026-07-22 08:08:51,lora_link,Node1,1100.56,1,rssi=-63;snr=9.75;bytes=182
2026-07-22 08:08:51,firebase_upload,detection_system/node1,121.60,1,bytes=292
2026-07-22 08:08:51,decision,Node1,0.03,1,pred=0
2026-07-22 08:08:51,firebase_upload,detection_system/node1,65.99,1,bytes=128
2026-07-22 08:08:51,firebase_upload,Timeseries/Node1,67.93,1,bytes=58
2026-07-22 08:08:51,gw_total_frame,Node1,260.84,1,
2026-07-22 08:08:52,lora_link,Node2,1054.55,1,rssi=-65;snr=9.5;bytes=182
2026-07-22 08:08:52,firebase_upload,detection_system/node2,67.10,1,bytes=291
2026-07-22 08:08:52,decision,Node2,0.03,1,pred=0
2026-07-22 08:08:52,firebase_upload,detection_system/node2,70.31,1,bytes=128
2026-07-22 08:08:52,firebase_upload,Timeseries/Node2,73.07,1,bytes=58
2026-07-22 08:08:52,gw_total_frame,Node2,215.43,1,
2026-07-22 08:08:53,lora_link,Node3,1100.64,1,rssi=-60;snr=9.75;bytes=182
2026-07-22 08:08:53,firebase_upload,detection_system/node3,92.43,1,bytes=292
2026-07-22 08:08:53,decision,Node3,0.03,1,pred=0
2026-07-22 08:08:53,firebase_upload,detection_system/node3,76.35,1,bytes=128
2026-07-22 08:08:53,firebase_upload,Timeseries/Node3,75.35,1,bytes=58
2026-07-22 08:08:53,gw_total_frame,Node3,249.80,1,
2026-07-22 08:08:55,lora_link,Node1,1066.09,1,rssi=-64;snr=9.25;bytes=182
2026-07-22 08:08:55,firebase_upload,detection_system/node1,70.50,1,bytes=292
2026-07-22 08:08:56,lora_link,Node2,1097.93,1,rssi=-66;snr=9.75;bytes=182
2026-07-22 08:08:56,firebase_upload,detection_system/node2,76.99,1,bytes=292
2026-07-22 08:08:57,lora_link,Node3,1100.71,1,rssi=-60;snr=9.5;bytes=182
2026-07-22 08:08:57,firebase_upload,detection_system/node3,68.05,1,bytes=291
2026-07-22 08:08:59,lora_link,Node1,1102.63,1,rssi=-63;snr=9.5;bytes=182
2026-07-22 08:08:59,firebase_upload,detection_system/node1,73.32,1,bytes=291
2026-07-22 08:08:59,decision,Node1,0.04,1,pred=0
2026-07-22 08:08:59,firebase_upload,detection_system/node1,65.63,1,bytes=128
2026-07-22 08:08:59,firebase_upload,Timeseries/Node1,66.71,1,bytes=58
2026-07-22 08:08:59,gw_total_frame,Node1,211.23,1,
2026-07-22 08:09:00,lora_link,Node2,1094.34,1,rssi=-65;snr=10.0;bytes=182
2026-07-22 08:09:00,firebase_upload,detection_system/node2,75.59,1,bytes=292
2026-07-22 08:09:00,decision,Node2,0.03,1,pred=0
2026-07-22 08:09:00,firebase_upload,detection_system/node2,73.58,1,bytes=128
2026-07-22 08:09:00,firebase_upload,Timeseries/Node2,68.40,1,bytes=58
2026-07-22 08:09:00,gw_total_frame,Node2,222.89,1,
2026-07-22 08:09:01,lora_link,Node3,1093.24,1,rssi=-60;snr=9.75;bytes=182
2026-07-22 08:09:01,firebase_upload,detection_system/node3,67.94,1,bytes=292
2026-07-22 08:09:01,decision,Node3,0.04,1,pred=0
2026-07-22 08:09:01,firebase_upload,detection_system/node3,73.87,1,bytes=128
2026-07-22 08:09:01,firebase_upload,Timeseries/Node3,69.46,1,bytes=58
2026-07-22 08:09:01,gw_total_frame,Node3,216.77,1,
2026-07-22 08:09:02,lora_link,Node1,1099.63,1,rssi=-64;snr=9.5;bytes=182
2026-07-22 08:09:03,firebase_upload,detection_system/node1,77.66,1,bytes=291
2026-07-22 08:09:04,lora_link,Node2,1100.77,1,rssi=-64;snr=9.5;bytes=182
2026-07-22 08:09:04,firebase_upload,detection_system/node2,72.59,1,bytes=291
2026-07-22 08:09:05,lora_link,Node3,1094.43,1,rssi=-60;snr=9.75;bytes=182
2026-07-22 08:09:05,firebase_upload,detection_system/node3,69.21,1,bytes=292
2026-07-22 08:09:06,lora_link,Node1,1099.56,1,rssi=-64;snr=9.5;bytes=182
2026-07-22 08:09:06,firebase_upload,detection_system/node1,68.73,1,bytes=291
2026-07-22 08:09:06,decision,Node1,0.04,1,pred=0
2026-07-22 08:09:07,firebase_upload,detection_system/node1,72.71,1,bytes=128
2026-07-22 08:09:07,firebase_upload,Timeseries/Node1,68.23,1,bytes=58
2026-07-22 08:09:07,gw_total_frame,Node1,215.36,1,
2026-07-22 08:09:08,lora_link,Node2,1100.58,1,rssi=-64;snr=9.75;bytes=182
2026-07-22 08:09:08,firebase_upload,detection_system/node2,69.87,1,bytes=292
2026-07-22 08:09:08,decision,Node2,0.10,1,pred=0
2026-07-22 08:09:08,firebase_upload,detection_system/node2,80.81,1,bytes=128
2026-07-22 08:09:08,firebase_upload,Timeseries/Node2,73.73,1,bytes=58
2026-07-22 08:09:08,gw_total_frame,Node2,231.78,1,
2026-07-22 08:09:09,lora_link,Node3,1084.38,1,rssi=-60;snr=9.75;bytes=182
2026-07-22 08:09:09,firebase_upload,detection_system/node3,74.30,1,bytes=292
2026-07-22 08:09:09,decision,Node3,0.04,1,pred=0
2026-07-22 08:09:09,firebase_upload,detection_system/node3,100.77,1,bytes=128
2026-07-22 08:09:09,firebase_upload,Timeseries/Node3,82.81,1,bytes=58
2026-07-22 08:09:09,gw_total_frame,Node3,263.05,1,
2026-07-22 08:09:10,lora_link,Node1,1052.97,1,rssi=-64;snr=9.0;bytes=182
2026-07-22 08:09:10,firebase_upload,detection_system/node1,103.89,1,bytes=291
2026-07-22 08:09:12,lora_link,Node2,1094.89,1,rssi=-65;snr=9.5;bytes=182
2026-07-22 08:09:12,firebase_upload,detection_system/node2,77.65,1,bytes=291
2026-07-22 08:09:13,lora_link,Node3,1100.62,1,rssi=-60;snr=9.5;bytes=182
2026-07-22 08:09:13,firebase_upload,detection_system/node3,66.89,1,bytes=291
2026-07-22 08:09:14,lora_link,Node1,1100.54,1,rssi=-63;snr=10.0;bytes=182
2026-07-22 08:09:14,firebase_upload,detection_system/node1,79.32,1,bytes=292
2026-07-22 08:09:14,decision,Node1,0.03,1,pred=0
2026-07-22 08:09:15,firebase_upload,detection_system/node1,73.38,1,bytes=128
2026-07-22 08:09:15,firebase_upload,Timeseries/Node1,68.40,1,bytes=58
2026-07-22 08:09:15,gw_total_frame,Node1,226.78,1,
2026-07-22 08:09:16,lora_link,Node2,1089.22,1,rssi=-65;snr=9.75;bytes=182
2026-07-22 08:09:16,firebase_upload,detection_system/node2,73.61,1,bytes=292
2026-07-22 08:09:16,decision,Node2,0.04,1,pred=0
2026-07-22 08:09:16,firebase_upload,detection_system/node2,75.28,1,bytes=128
2026-07-22 08:09:16,firebase_upload,Timeseries/Node2,71.65,1,bytes=58
2026-07-22 08:09:16,gw_total_frame,Node2,225.58,1,
2026-07-22 08:09:17,lora_link,Node3,1089.89,1,rssi=-60;snr=9.75;bytes=182
2026-07-22 08:09:17,firebase_upload,detection_system/node3,68.99,1,bytes=292
2026-07-22 08:09:17,decision,Node3,0.04,1,pred=0
2026-07-22 08:09:17,firebase_upload,detection_system/node3,86.57,1,bytes=128
2026-07-22 08:09:17,firebase_upload,Timeseries/Node3,71.10,1,bytes=58
2026-07-22 08:09:17,gw_total_frame,Node3,232.90,1,
2026-07-22 08:09:18,lora_link,Node1,1081.88,1,rssi=-64;snr=9.25;bytes=182
2026-07-22 08:09:18,firebase_upload,detection_system/node1,82.35,1,bytes=292
2026-07-22 08:09:20,lora_link,Node2,1099.71,1,rssi=-65;snr=9.75;bytes=182
2026-07-22 08:09:20,firebase_upload,detection_system/node2,76.77,1,bytes=292
2026-07-22 08:09:21,lora_link,Node3,1091.70,1,rssi=-60;snr=9.75;bytes=182
2026-07-22 08:09:21,firebase_upload,detection_system/node3,72.26,1,bytes=292
2026-07-22 08:09:22,lora_link,Node1,1096.68,1,rssi=-64;snr=9.25;bytes=182
2026-07-22 08:09:22,firebase_upload,detection_system/node1,72.61,1,bytes=292
2026-07-22 08:09:22,decision,Node1,0.04,1,pred=0
2026-07-22 08:09:22,firebase_upload,detection_system/node1,73.08,1,bytes=128
2026-07-22 08:09:22,firebase_upload,Timeseries/Node1,71.15,1,bytes=58
2026-07-22 08:09:22,gw_total_frame,Node1,223.23,1,
2026-07-22 08:09:24,lora_link,Node2,1092.51,1,rssi=-66;snr=9.5;bytes=182
2026-07-22 08:09:24,firebase_upload,detection_system/node2,88.00,1,bytes=291
2026-07-22 08:09:24,decision,Node2,0.04,1,pred=0
2026-07-22 08:09:24,firebase_upload,detection_system/node2,74.70,1,bytes=128
2026-07-22 08:09:24,firebase_upload,Timeseries/Node2,76.84,1,bytes=58
2026-07-22 08:09:24,gw_total_frame,Node2,249.39,1,
2026-07-22 08:09:25,lora_link,Node3,1066.74,1,rssi=-60;snr=9.75;bytes=182
2026-07-22 08:09:25,firebase_upload,detection_system/node3,71.80,1,bytes=292
2026-07-22 08:09:25,decision,Node3,0.04,1,pred=0
2026-07-22 08:09:25,firebase_upload,detection_system/node3,74.76,1,bytes=128
2026-07-22 08:09:25,firebase_upload,Timeseries/Node3,71.13,1,bytes=58
2026-07-22 08:09:25,gw_total_frame,Node3,223.06,1,
2026-07-22 08:09:26,lora_link,Node1,1092.90,1,rssi=-64;snr=9.5;bytes=182
2026-07-22 08:09:26,firebase_upload,detection_system/node1,80.65,1,bytes=291
2026-07-22 08:09:28,lora_link,Node2,1095.80,1,rssi=-65;snr=9.75;bytes=182
2026-07-22 08:09:28,firebase_upload,detection_system/node2,92.56,1,bytes=292
2026-07-22 08:09:29,lora_link,Node3,1094.65,1,rssi=-59;snr=10.75;bytes=182
2026-07-22 08:09:29,firebase_upload,detection_system/node3,69.44,1,bytes=293
2026-07-22 08:09:30,lora_link,Node1,1100.14,1,rssi=-64;snr=9.25;bytes=182
2026-07-22 08:09:30,firebase_upload,detection_system/node1,72.38,1,bytes=292
2026-07-22 08:09:30,decision,Node1,0.06,1,pred=0
2026-07-22 08:09:30,firebase_upload,detection_system/node1,93.68,1,bytes=128
2026-07-22 08:09:30,firebase_upload,Timeseries/Node1,70.17,1,bytes=58
2026-07-22 08:09:30,gw_total_frame,Node1,240.87,1,
2026-07-22 08:09:31,lora_link,Node2,1074.63,1,rssi=-66;snr=9.5;bytes=182
2026-07-22 08:09:32,firebase_upload,detection_system/node2,71.39,1,bytes=291
2026-07-22 08:09:32,decision,Node2,0.03,1,pred=0
2026-07-22 08:09:32,firebase_upload,detection_system/node2,101.31,1,bytes=128
2026-07-22 08:09:32,firebase_upload,Timeseries/Node2,83.35,1,bytes=58
2026-07-22 08:09:32,gw_total_frame,Node2,261.06,1,
2026-07-22 08:09:33,lora_link,Node3,1074.30,1,rssi=-60;snr=9.75;bytes=182
2026-07-22 08:09:33,firebase_upload,detection_system/node3,95.77,1,bytes=292
2026-07-22 08:09:33,decision,Node3,0.04,1,pred=0
2026-07-22 08:09:33,firebase_upload,detection_system/node3,88.01,1,bytes=128
2026-07-22 08:09:33,firebase_upload,Timeseries/Node3,64.94,1,bytes=58
2026-07-22 08:09:33,gw_total_frame,Node3,253.98,1,
2026-07-22 08:09:34,lora_link,Node1,1061.20,1,rssi=-64;snr=9.25;bytes=182
2026-07-22 08:09:34,firebase_upload,detection_system/node1,65.60,1,bytes=292
2026-07-22 08:09:35,lora_link,Node2,1092.88,1,rssi=-66;snr=9.5;bytes=182
2026-07-22 08:09:36,firebase_upload,detection_system/node2,74.56,1,bytes=291
2026-07-22 08:09:37,lora_link,Node3,1093.95,1,rssi=-60;snr=9.75;bytes=182
2026-07-22 08:09:37,firebase_upload,detection_system/node3,75.45,1,bytes=292
2026-07-22 08:09:38,lora_link,Node1,1092.48,1,rssi=-64;snr=9.25;bytes=182
2026-07-22 08:09:38,firebase_upload,detection_system/node1,74.49,1,bytes=292
2026-07-22 08:09:38,decision,Node1,0.03,1,pred=0
2026-07-22 08:09:38,firebase_upload,detection_system/node1,76.10,1,bytes=128
2026-07-22 08:09:38,firebase_upload,Timeseries/Node1,74.76,1,bytes=58
2026-07-22 08:09:38,gw_total_frame,Node1,230.29,1,
2026-07-22 08:09:39,lora_link,Node2,1083.79,1,rssi=-65;snr=9.75;bytes=182
2026-07-22 08:09:39,firebase_upload,detection_system/node2,72.70,1,bytes=292
2026-07-22 08:09:39,decision,Node2,0.03,1,pred=0
2026-07-22 08:09:40,firebase_upload,detection_system/node2,78.25,1,bytes=128
2026-07-22 08:09:40,firebase_upload,Timeseries/Node2,73.89,1,bytes=58
2026-07-22 08:09:40,gw_total_frame,Node2,229.30,1,
2026-07-22 08:09:41,lora_link,Node3,1088.98,1,rssi=-60;snr=9.75;bytes=182
2026-07-22 08:09:41,firebase_upload,detection_system/node3,110.51,1,bytes=292
2026-07-22 08:09:41,decision,Node3,0.04,1,pred=0
2026-07-22 08:09:41,firebase_upload,detection_system/node3,68.81,1,bytes=128
2026-07-22 08:09:41,firebase_upload,Timeseries/Node3,66.56,1,bytes=58
2026-07-22 08:09:41,gw_total_frame,Node3,303.07,1,
2026-07-22 08:09:42,lora_link,Node1,1012.18,1,rssi=-64;snr=9.25;bytes=182
2026-07-22 08:09:42,firebase_upload,detection_system/node1,71.39,1,bytes=292
2026-07-22 08:09:43,lora_link,Node2,1094.77,1,rssi=-67;snr=10.25;bytes=182
2026-07-22 08:09:43,firebase_upload,detection_system/node2,70.05,1,bytes=293
2026-07-22 08:09:45,lora_link,Node3,1099.05,1,rssi=-61;snr=10.0;bytes=182
2026-07-22 08:09:45,firebase_upload,detection_system/node3,70.45,1,bytes=292
2026-07-22 08:09:46,lora_link,Node1,1097.82,1,rssi=-65;snr=9.25;bytes=182
2026-07-22 08:09:46,firebase_upload,detection_system/node1,70.60,1,bytes=292
2026-07-22 08:09:46,decision,Node1,0.04,1,pred=0
2026-07-22 08:09:46,firebase_upload,detection_system/node1,89.04,1,bytes=128
2026-07-22 08:09:46,firebase_upload,Timeseries/Node1,66.40,1,bytes=58
2026-07-22 08:09:46,gw_total_frame,Node1,230.62,1,
2026-07-22 08:09:47,lora_link,Node2,1084.97,1,rssi=-67;snr=9.5;bytes=182
2026-07-22 08:09:47,firebase_upload,detection_system/node2,74.85,1,bytes=291
2026-07-22 08:09:47,decision,Node2,0.03,1,pred=0
2026-07-22 08:09:47,firebase_upload,detection_system/node2,74.46,1,bytes=128
2026-07-22 08:09:48,firebase_upload,Timeseries/Node2,67.73,1,bytes=58
2026-07-22 08:09:48,gw_total_frame,Node2,221.94,1,
2026-07-22 08:09:49,lora_link,Node3,1093.54,1,rssi=-61;snr=9.75;bytes=182
2026-07-22 08:09:49,firebase_upload,detection_system/node3,97.70,1,bytes=292
2026-07-22 08:09:49,decision,Node3,0.03,1,pred=0
2026-07-22 08:09:49,firebase_upload,detection_system/node3,65.26,1,bytes=128
2026-07-22 08:09:49,firebase_upload,Timeseries/Node3,73.57,1,bytes=58
2026-07-22 08:09:49,gw_total_frame,Node3,242.32,1,
2026-07-22 08:09:50,lora_link,Node1,1074.41,1,rssi=-65;snr=9.25;bytes=182
2026-07-22 08:09:50,firebase_upload,detection_system/node1,95.21,1,bytes=292
2026-07-22 08:09:51,lora_link,Node2,1093.72,1,rssi=-66;snr=9.75;bytes=182
2026-07-22 08:09:51,firebase_upload,detection_system/node2,94.37,1,bytes=292
2026-07-22 08:09:53,lora_link,Node3,1094.03,1,rssi=-61;snr=9.75;bytes=182
2026-07-22 08:09:53,firebase_upload,detection_system/node3,67.69,1,bytes=292
2026-07-22 08:09:54,lora_link,Node1,1099.59,1,rssi=-64;snr=9.25;bytes=182
2026-07-22 08:09:54,firebase_upload,detection_system/node1,68.42,1,bytes=292
2026-07-22 08:09:54,decision,Node1,0.05,1,pred=0
2026-07-22 08:09:54,firebase_upload,detection_system/node1,70.95,1,bytes=128
2026-07-22 08:09:54,firebase_upload,Timeseries/Node1,96.50,1,bytes=58
2026-07-22 08:09:54,gw_total_frame,Node1,240.36,1,
2026-07-22 08:09:55,lora_link,Node2,1075.28,1,rssi=-66;snr=9.75;bytes=182
2026-07-22 08:09:55,firebase_upload,detection_system/node2,87.85,1,bytes=292
2026-07-22 08:09:55,decision,Node2,0.04,1,pred=0
2026-07-22 08:09:55,firebase_upload,detection_system/node2,70.31,1,bytes=128
2026-07-22 08:09:55,firebase_upload,Timeseries/Node2,72.66,1,bytes=58
2026-07-22 08:09:55,gw_total_frame,Node2,238.06,1,
2026-07-22 08:09:57,lora_link,Node3,1077.37,1,rssi=-60;snr=9.75;bytes=182
2026-07-22 08:09:57,firebase_upload,detection_system/node3,67.91,1,bytes=292
2026-07-22 08:09:57,decision,Node3,0.03,1,pred=0
2026-07-22 08:09:57,firebase_upload,detection_system/node3,78.25,1,bytes=128
2026-07-22 08:09:57,firebase_upload,Timeseries/Node3,78.41,1,bytes=58
2026-07-22 08:09:57,gw_total_frame,Node3,229.28,1,
2026-07-22 08:09:58,lora_link,Node1,1086.21,1,rssi=-64;snr=9.0;bytes=182
2026-07-22 08:09:58,firebase_upload,detection_system/node1,73.31,1,bytes=291
2026-07-22 08:09:59,lora_link,Node2,1095.40,1,rssi=-66;snr=9.75;bytes=182
2026-07-22 08:09:59,firebase_upload,detection_system/node2,77.74,1,bytes=292
2026-07-22 08:10:01,lora_link,Node3,1100.30,1,rssi=-60;snr=9.75;bytes=182
2026-07-22 08:10:01,firebase_upload,detection_system/node3,72.13,1,bytes=292
2026-07-22 08:10:02,lora_link,Node1,1096.02,1,rssi=-64;snr=9.25;bytes=182
2026-07-22 08:10:02,firebase_upload,detection_system/node1,68.28,1,bytes=292
2026-07-22 08:10:02,decision,Node1,0.04,1,pred=0
2026-07-22 08:10:02,firebase_upload,detection_system/node1,84.50,1,bytes=128
2026-07-22 08:10:02,firebase_upload,Timeseries/Node1,71.09,1,bytes=58
2026-07-22 08:10:02,gw_total_frame,Node1,230.80,1,
2026-07-22 08:10:03,lora_link,Node2,1085.17,1,rssi=-66;snr=9.5;bytes=182
2026-07-22 08:10:03,firebase_upload,detection_system/node2,71.52,1,bytes=291
2026-07-22 08:10:03,decision,Node2,0.03,1,pred=0
2026-07-22 08:10:03,firebase_upload,detection_system/node2,71.71,1,bytes=128
2026-07-22 08:10:03,firebase_upload,Timeseries/Node2,73.12,1,bytes=58
2026-07-22 08:10:03,gw_total_frame,Node2,221.67,1,
2026-07-22 08:10:04,lora_link,Node3,1094.05,1,rssi=-60;snr=10.0;bytes=182
2026-07-22 08:10:05,firebase_upload,detection_system/node3,72.99,1,bytes=292
2026-07-22 08:10:05,decision,Node3,0.04,1,pred=0
2026-07-22 08:10:05,firebase_upload,detection_system/node3,67.20,1,bytes=128
2026-07-22 08:10:05,firebase_upload,Timeseries/Node3,71.53,1,bytes=58
2026-07-22 08:10:05,gw_total_frame,Node3,216.14,1,
2026-07-22 08:10:06,lora_link,Node1,1099.61,1,rssi=-64;snr=9.5;bytes=182
2026-07-22 08:10:06,firebase_upload,detection_system/node1,76.56,1,bytes=291
2026-07-22 08:10:07,lora_link,Node2,1098.54,1,rssi=-66;snr=9.5;bytes=182
2026-07-22 08:10:07,firebase_upload,detection_system/node2,73.73,1,bytes=291
2026-07-22 08:10:08,lora_link,Node3,1096.22,1,rssi=-61;snr=9.5;bytes=182
2026-07-22 08:10:08,firebase_upload,detection_system/node3,65.02,1,bytes=291
2026-07-22 08:10:10,lora_link,Node1,1093.71,1,rssi=-64;snr=9.5;bytes=182
2026-07-22 08:10:10,firebase_upload,detection_system/node1,65.73,1,bytes=291
2026-07-22 08:10:10,decision,Node1,0.04,1,pred=0
2026-07-22 08:10:10,firebase_upload,detection_system/node1,79.75,1,bytes=128
2026-07-22 08:10:10,firebase_upload,Timeseries/Node1,68.23,1,bytes=58
2026-07-22 08:10:10,gw_total_frame,Node1,218.87,1,
2026-07-22 08:10:11,lora_link,Node2,1097.55,1,rssi=-65;snr=10.5;bytes=182
2026-07-22 08:10:11,firebase_upload,detection_system/node2,86.44,1,bytes=292
2026-07-22 08:10:11,decision,Node2,0.05,1,pred=0
2026-07-22 08:10:11,firebase_upload,detection_system/node2,74.23,1,bytes=128
2026-07-22 08:10:11,firebase_upload,Timeseries/Node2,71.98,1,bytes=58
2026-07-22 08:10:11,gw_total_frame,Node2,241.40,1,
2026-07-22 08:10:12,lora_link,Node3,1074.68,1,rssi=-61;snr=9.5;bytes=182
2026-07-22 08:10:12,firebase_upload,detection_system/node3,69.84,1,bytes=291
2026-07-22 08:10:12,decision,Node3,0.05,1,pred=0
2026-07-22 08:10:13,firebase_upload,detection_system/node3,73.62,1,bytes=128
2026-07-22 08:10:13,firebase_upload,Timeseries/Node3,69.72,1,bytes=58
2026-07-22 08:10:13,gw_total_frame,Node3,218.79,1,
2026-07-22 08:10:14,lora_link,Node1,1499.34,0,
2026-07-22 08:10:15,lora_link,Node2,1099.87,1,rssi=-66;snr=9.5;bytes=182
2026-07-22 08:10:16,firebase_upload,detection_system/node2,74.62,1,bytes=291
2026-07-22 08:10:17,lora_link,Node3,1093.90,1,rssi=-61;snr=9.5;bytes=182
2026-07-22 08:10:17,firebase_upload,detection_system/node3,68.60,1,bytes=291
2026-07-22 08:10:18,lora_link,Node1,1100.40,1,rssi=-65;snr=9.75;bytes=182
2026-07-22 08:10:18,firebase_upload,detection_system/node1,67.68,1,bytes=292
2026-07-22 08:10:19,lora_link,Node2,1100.59,1,rssi=-66;snr=9.5;bytes=182
2026-07-22 08:10:19,firebase_upload,detection_system/node2,65.44,1,bytes=291
2026-07-22 08:10:19,decision,Node2,0.04,1,pred=0
2026-07-22 08:10:20,firebase_upload,detection_system/node2,82.75,1,bytes=128
2026-07-22 08:10:20,firebase_upload,Timeseries/Node2,73.69,1,bytes=58
2026-07-22 08:10:20,gw_total_frame,Node2,228.43,1,
2026-07-22 08:10:21,lora_link,Node3,1087.09,1,rssi=-62;snr=9.5;bytes=182
2026-07-22 08:10:21,firebase_upload,detection_system/node3,75.36,1,bytes=291
2026-07-22 08:10:21,decision,Node3,0.04,1,pred=0
2026-07-22 08:10:21,firebase_upload,detection_system/node3,70.40,1,bytes=128
2026-07-22 08:10:21,firebase_upload,Timeseries/Node3,70.17,1,bytes=58
2026-07-22 08:10:21,gw_total_frame,Node3,221.74,1,
2026-07-22 08:10:22,lora_link,Node1,1093.88,1,rssi=-65;snr=10.0;bytes=182
2026-07-22 08:10:22,firebase_upload,detection_system/node1,72.06,1,bytes=292
2026-07-22 08:10:22,decision,Node1,0.04,1,pred=0
2026-07-22 08:10:22,firebase_upload,detection_system/node1,75.39,1,bytes=128
2026-07-22 08:10:22,firebase_upload,Timeseries/Node1,67.85,1,bytes=58
2026-07-22 08:10:22,gw_total_frame,Node1,221.93,1,
2026-07-22 08:10:23,lora_link,Node2,1094.01,1,rssi=-65;snr=9.5;bytes=182
2026-07-22 08:10:23,firebase_upload,detection_system/node2,79.11,1,bytes=292
2026-07-22 08:10:25,lora_link,Node3,1096.89,1,rssi=-60;snr=9.75;bytes=182
2026-07-22 08:10:25,firebase_upload,detection_system/node3,80.20,1,bytes=293
2026-07-22 08:10:26,lora_link,Node1,1097.85,1,rssi=-64;snr=9.25;bytes=182
2026-07-22 08:10:26,firebase_upload,detection_system/node1,70.75,1,bytes=292
2026-07-22 08:10:27,lora_link,Node2,1098.66,1,rssi=-64;snr=9.5;bytes=182
2026-07-22 08:10:27,firebase_upload,detection_system/node2,78.40,1,bytes=292
2026-07-22 08:10:27,decision,Node2,0.04,1,pred=0
2026-07-22 08:10:27,firebase_upload,detection_system/node2,73.50,1,bytes=128
2026-07-22 08:10:28,firebase_upload,Timeseries/Node2,77.20,1,bytes=58
2026-07-22 08:10:28,gw_total_frame,Node2,234.73,1,
2026-07-22 08:10:29,lora_link,Node3,1081.21,1,rssi=-60;snr=10.0;bytes=182
2026-07-22 08:10:29,firebase_upload,detection_system/node3,87.83,1,bytes=293
2026-07-22 08:10:29,decision,Node3,0.08,1,pred=0
2026-07-22 08:10:29,firebase_upload,detection_system/node3,70.15,1,bytes=128
2026-07-22 08:10:29,firebase_upload,Timeseries/Node3,93.13,1,bytes=58
2026-07-22 08:10:29,gw_total_frame,Node3,256.88,1,
2026-07-22 08:10:30,lora_link,Node1,1060.88,1,rssi=-64;snr=9.25;bytes=182
2026-07-22 08:10:30,firebase_upload,detection_system/node1,66.33,1,bytes=292
2026-07-22 08:10:30,decision,Node1,0.05,1,pred=0
2026-07-22 08:10:30,firebase_upload,detection_system/node1,75.90,1,bytes=128
2026-07-22 08:10:30,firebase_upload,Timeseries/Node1,69.64,1,bytes=58
2026-07-22 08:10:30,gw_total_frame,Node1,217.49,1,
2026-07-22 08:10:31,lora_link,Node2,1098.11,1,rssi=-65;snr=9.5;bytes=182
2026-07-22 08:10:31,firebase_upload,detection_system/node2,71.95,1,bytes=292
2026-07-22 08:10:33,lora_link,Node3,1097.69,1,rssi=-60;snr=10.0;bytes=182
2026-07-22 08:10:33,firebase_upload,detection_system/node3,71.31,1,bytes=293
2026-07-22 08:10:34,lora_link,Node1,1098.02,1,rssi=-64;snr=9.5;bytes=182
2026-07-22 08:10:34,firebase_upload,detection_system/node1,74.82,1,bytes=292
2026-07-22 08:10:35,lora_link,Node2,1100.71,1,rssi=-65;snr=9.5;bytes=182
2026-07-22 08:10:35,firebase_upload,detection_system/node2,74.69,1,bytes=292
2026-07-22 08:10:35,decision,Node2,0.03,1,pred=0
2026-07-22 08:10:35,firebase_upload,detection_system/node2,75.36,1,bytes=128
2026-07-22 08:10:35,firebase_upload,Timeseries/Node2,71.82,1,bytes=58
2026-07-22 08:10:35,gw_total_frame,Node2,227.56,1,
2026-07-22 08:10:37,lora_link,Node3,1087.87,1,rssi=-60;snr=10.0;bytes=182
2026-07-22 08:10:37,firebase_upload,detection_system/node3,77.04,1,bytes=293
2026-07-22 08:10:37,decision,Node3,0.03,1,pred=0
2026-07-22 08:10:37,firebase_upload,detection_system/node3,69.76,1,bytes=128
2026-07-22 08:10:37,firebase_upload,Timeseries/Node3,85.98,1,bytes=58
2026-07-22 08:10:37,gw_total_frame,Node3,239.22,1,
2026-07-22 08:10:38,lora_link,Node1,1475.44,0,
2026-07-22 08:10:40,lora_link,Node2,1100.72,1,rssi=-66;snr=9.25;bytes=182
2026-07-22 08:10:40,firebase_upload,detection_system/node2,85.15,1,bytes=293
2026-07-22 08:10:41,lora_link,Node3,1092.93,1,rssi=-60;snr=9.75;bytes=182
2026-07-22 08:10:41,firebase_upload,detection_system/node3,68.07,1,bytes=293
2026-07-22 08:10:43,lora_link,Node1,1502.24,0,
2026-07-22 08:10:44,lora_link,Node2,1094.57,1,rssi=-65;snr=10.0;bytes=182
2026-07-22 08:10:44,firebase_upload,detection_system/node2,74.46,1,bytes=293
2026-07-22 08:10:44,decision,Node2,0.03,1,pred=0
2026-07-22 08:10:44,firebase_upload,detection_system/node2,68.21,1,bytes=128
2026-07-22 08:10:44,firebase_upload,Timeseries/Node2,69.49,1,bytes=58
2026-07-22 08:10:44,gw_total_frame,Node2,217.24,1,
2026-07-22 08:10:45,lora_link,Node3,1098.91,1,rssi=-60;snr=9.75;bytes=182
2026-07-22 08:10:45,firebase_upload,detection_system/node3,81.58,1,bytes=293
2026-07-22 08:10:45,decision,Node3,0.11,1,pred=0
2026-07-22 08:10:45,firebase_upload,detection_system/node3,74.72,1,bytes=128
2026-07-22 08:10:45,firebase_upload,Timeseries/Node3,76.59,1,bytes=58
2026-07-22 08:10:45,gw_total_frame,Node3,241.93,1,
2026-07-22 08:10:47,lora_link,Node2,1074.27,1,rssi=-65;snr=9.5;bytes=182
2026-07-22 08:10:47,firebase_upload,detection_system/node2,78.10,1,bytes=292
2026-07-22 08:10:48,lora_link,Node3,1094.31,1,rssi=-59;snr=10.0;bytes=182
2026-07-22 08:10:48,firebase_upload,detection_system/node3,73.99,1,bytes=293
2026-07-22 08:10:49,lora_link,Node1,1099.26,1,rssi=-64;snr=9.25;bytes=182
2026-07-22 08:10:49,firebase_upload,detection_system/node1,68.59,1,bytes=293
2026-07-22 08:10:49,decision,Node1,0.03,1,pred=0
2026-07-22 08:10:49,firebase_upload,detection_system/node1,70.39,1,bytes=128
2026-07-22 08:10:49,firebase_upload,Timeseries/Node1,82.45,1,bytes=58
2026-07-22 08:10:49,gw_total_frame,Node1,227.04,1,
2026-07-22 08:10:50,lora_link,Node2,1097.53,1,rssi=-65;snr=9.75;bytes=182
2026-07-22 08:10:51,firebase_upload,detection_system/node2,88.35,1,bytes=293
2026-07-22 08:10:51,decision,Node2,0.04,1,pred=0
2026-07-22 08:10:51,firebase_upload,detection_system/node2,67.37,1,bytes=128
2026-07-22 08:10:51,firebase_upload,Timeseries/Node2,81.36,1,bytes=58
2026-07-22 08:10:51,gw_total_frame,Node2,246.49,1,
2026-07-22 08:10:52,lora_link,Node3,1065.14,1,rssi=-59;snr=10.0;bytes=182
2026-07-22 08:10:52,firebase_upload,detection_system/node3,98.65,1,bytes=293
2026-07-22 08:10:52,decision,Node3,0.04,1,pred=0
2026-07-22 08:10:52,firebase_upload,detection_system/node3,96.54,1,bytes=128
2026-07-22 08:10:52,firebase_upload,Timeseries/Node3,73.01,1,bytes=58
2026-07-22 08:10:52,gw_total_frame,Node3,272.95,1,
2026-07-22 08:10:53,lora_link,Node1,1043.25,1,rssi=-64;snr=9.25;bytes=182
2026-07-22 08:10:53,firebase_upload,detection_system/node1,71.23,1,bytes=293
2026-07-22 08:10:54,lora_link,Node2,1096.95,1,rssi=-65;snr=9.75;bytes=182
2026-07-22 08:10:55,firebase_upload,detection_system/node2,72.60,1,bytes=293
2026-07-22 08:10:56,lora_link,Node3,1095.35,1,rssi=-59;snr=10.0;bytes=182
2026-07-22 08:10:56,firebase_upload,detection_system/node3,74.78,1,bytes=293
2026-07-22 08:10:57,lora_link,Node1,1096.23,1,rssi=-63;snr=9.5;bytes=182
2026-07-22 08:10:57,firebase_upload,detection_system/node1,92.42,1,bytes=292
2026-07-22 08:10:57,decision,Node1,0.04,1,pred=0
2026-07-22 08:10:57,firebase_upload,detection_system/node1,76.06,1,bytes=128
2026-07-22 08:10:57,firebase_upload,Timeseries/Node1,74.93,1,bytes=58
2026-07-22 08:10:57,gw_total_frame,Node1,248.71,1,
2026-07-22 08:10:58,lora_link,Node2,1067.21,1,rssi=-65;snr=10.0;bytes=182
2026-07-22 08:10:58,firebase_upload,detection_system/node2,95.66,1,bytes=293
2026-07-22 08:10:58,decision,Node2,0.04,1,pred=0
2026-07-22 08:10:59,firebase_upload,detection_system/node2,90.11,1,bytes=128
2026-07-22 08:10:59,firebase_upload,Timeseries/Node2,90.97,1,bytes=58
2026-07-22 08:10:59,gw_total_frame,Node2,282.70,1,
2026-07-22 08:11:00,lora_link,Node3,1033.77,1,rssi=-60;snr=10.0;bytes=182
2026-07-22 08:11:00,firebase_upload,detection_system/node3,71.56,1,bytes=293
2026-07-22 08:11:00,decision,Node3,0.03,1,pred=0
2026-07-22 08:11:00,firebase_upload,detection_system/node3,70.46,1,bytes=128
2026-07-22 08:11:00,firebase_upload,Timeseries/Node3,67.94,1,bytes=58
2026-07-22 08:11:00,gw_total_frame,Node3,214.35,1,
2026-07-22 08:11:01,lora_link,Node1,1100.75,1,rssi=-64;snr=9.25;bytes=182
2026-07-22 08:11:01,firebase_upload,detection_system/node1,71.15,1,bytes=293
2026-07-22 08:11:02,lora_link,Node2,1096.20,1,rssi=-65;snr=10.0;bytes=182
2026-07-22 08:11:02,firebase_upload,detection_system/node2,65.40,1,bytes=293
2026-07-22 08:11:04,lora_link,Node3,1100.58,1,rssi=-60;snr=9.75;bytes=182
2026-07-22 08:11:04,firebase_upload,detection_system/node3,90.07,1,bytes=293
2026-07-22 08:11:05,lora_link,Node1,1100.84,1,rssi=-64;snr=9.25;bytes=182
2026-07-22 08:11:05,firebase_upload,detection_system/node1,73.57,1,bytes=293
2026-07-22 08:11:05,decision,Node1,0.02,1,pred=0
2026-07-22 08:11:05,firebase_upload,detection_system/node1,76.15,1,bytes=128
2026-07-22 08:11:05,firebase_upload,Timeseries/Node1,67.52,1,bytes=58
2026-07-22 08:11:05,gw_total_frame,Node1,221.85,1,
2026-07-22 08:11:06,lora_link,Node2,1094.00,1,rssi=-65;snr=9.75;bytes=182
2026-07-22 08:11:06,firebase_upload,detection_system/node2,93.35,1,bytes=293
2026-07-22 08:11:06,decision,Node2,0.04,1,pred=0
2026-07-22 08:11:06,firebase_upload,detection_system/node2,88.75,1,bytes=128
2026-07-22 08:11:07,firebase_upload,Timeseries/Node2,69.31,1,bytes=58
2026-07-22 08:11:07,gw_total_frame,Node2,257.55,1,
2026-07-22 08:11:08,lora_link,Node3,1058.43,1,rssi=-60;snr=9.75;bytes=182
2026-07-22 08:11:08,firebase_upload,detection_system/node3,73.36,1,bytes=293
2026-07-22 08:11:08,decision,Node3,0.02,1,pred=0
2026-07-22 08:11:08,firebase_upload,detection_system/node3,85.98,1,bytes=128
2026-07-22 08:11:08,firebase_upload,Timeseries/Node3,77.65,1,bytes=58
2026-07-22 08:11:08,gw_total_frame,Node3,241.70,1,
2026-07-22 08:11:09,lora_link,Node1,1474.73,0,
2026-07-22 08:11:11,lora_link,Node2,1099.97,1,rssi=-75;snr=9.5;bytes=182
2026-07-22 08:11:11,firebase_upload,detection_system/node2,90.37,1,bytes=292
2026-07-22 08:11:12,lora_link,Node3,1099.52,1,rssi=-74;snr=9.0;bytes=182
2026-07-22 08:11:12,firebase_upload,detection_system/node3,72.06,1,bytes=292
2026-07-22 08:11:13,lora_link,Node1,1098.32,1,rssi=-77;snr=9.0;bytes=182
2026-07-22 08:11:13,firebase_upload,detection_system/node1,73.55,1,bytes=292
2026-07-22 08:11:15,lora_link,Node2,1093.76,1,rssi=-75;snr=9.75;bytes=182
2026-07-22 08:11:15,firebase_upload,detection_system/node2,67.89,1,bytes=293
2026-07-22 08:11:15,decision,Node2,0.03,1,pred=0
2026-07-22 08:11:15,firebase_upload,detection_system/node2,70.02,1,bytes=128
2026-07-22 08:11:15,firebase_upload,Timeseries/Node2,77.11,1,bytes=58
2026-07-22 08:11:15,gw_total_frame,Node2,219.53,1,
2026-07-22 08:11:16,lora_link,Node3,1096.04,1,rssi=-83;snr=7.25;bytes=182
2026-07-22 08:11:16,firebase_upload,detection_system/node3,74.42,1,bytes=293
2026-07-22 08:11:16,decision,Node3,0.03,1,pred=0
2026-07-22 08:11:16,firebase_upload,detection_system/node3,70.18,1,bytes=128
2026-07-22 08:11:16,firebase_upload,Timeseries/Node3,72.68,1,bytes=58
2026-07-22 08:11:16,gw_total_frame,Node3,222.83,1,
2026-07-22 08:11:17,lora_link,Node1,1093.01,1,rssi=-76;snr=9.0;bytes=182
2026-07-22 08:11:17,firebase_upload,detection_system/node1,97.74,1,bytes=292
2026-07-22 08:11:17,decision,Node1,0.04,1,pred=0
2026-07-22 08:11:17,firebase_upload,detection_system/node1,75.92,1,bytes=128
2026-07-22 08:11:17,firebase_upload,Timeseries/Node1,68.13,1,bytes=58
2026-07-22 08:11:17,gw_total_frame,Node1,246.41,1,
2026-07-22 08:11:19,lora_link,Node2,1069.65,1,rssi=-76;snr=9.5;bytes=182
2026-07-22 08:11:19,firebase_upload,detection_system/node2,68.29,1,bytes=292
2026-07-22 08:11:20,lora_link,Node3,1098.21,1,rssi=-83;snr=7.0;bytes=182
2026-07-22 08:11:20,firebase_upload,detection_system/node3,88.89,1,bytes=292
2026-07-22 08:11:21,lora_link,Node1,1102.08,1,rssi=-76;snr=7.75;bytes=182
2026-07-22 08:11:21,firebase_upload,detection_system/node1,75.35,1,bytes=293
2026-07-22 08:11:23,lora_link,Node2,1093.30,1,rssi=-75;snr=9.5;bytes=182
2026-07-22 08:11:23,firebase_upload,detection_system/node2,81.72,1,bytes=292
2026-07-22 08:11:23,decision,Node2,0.03,1,pred=0
2026-07-22 08:11:23,firebase_upload,detection_system/node2,70.20,1,bytes=128
2026-07-22 08:11:23,firebase_upload,Timeseries/Node2,71.20,1,bytes=58
2026-07-22 08:11:23,gw_total_frame,Node2,227.85,1,
2026-07-22 08:11:24,lora_link,Node3,1496.30,0,
2026-07-22 08:11:26,lora_link,Node1,1100.61,1,rssi=-77;snr=9.0;bytes=182
2026-07-22 08:11:26,firebase_upload,detection_system/node1,69.11,1,bytes=292
2026-07-22 08:11:26,decision,Node1,0.05,1,pred=0
2026-07-22 08:11:26,firebase_upload,detection_system/node1,85.94,1,bytes=128
2026-07-22 08:11:26,firebase_upload,Timeseries/Node1,82.87,1,bytes=58
2026-07-22 08:11:26,gw_total_frame,Node1,243.26,1,
2026-07-22 08:11:27,lora_link,Node2,1073.20,1,rssi=-76;snr=9.5;bytes=182
2026-07-22 08:11:27,firebase_upload,detection_system/node2,73.62,1,bytes=292
2026-07-22 08:11:28,lora_link,Node3,1095.08,1,rssi=-82;snr=8.0;bytes=182
2026-07-22 08:11:28,firebase_upload,detection_system/node3,89.07,1,bytes=292
2026-07-22 08:11:28,decision,Node3,0.03,1,pred=0
2026-07-22 08:11:28,firebase_upload,detection_system/node3,75.61,1,bytes=128
2026-07-22 08:11:28,firebase_upload,Timeseries/Node3,66.75,1,bytes=58
2026-07-22 08:11:28,gw_total_frame,Node3,237.13,1,
2026-07-22 08:11:29,lora_link,Node1,1079.12,1,rssi=-81;snr=7.5;bytes=182
2026-07-22 08:11:30,firebase_upload,detection_system/node1,69.60,1,bytes=292
2026-07-22 08:11:31,lora_link,Node2,1100.40,1,rssi=-78;snr=9.25;bytes=182
2026-07-22 08:11:31,firebase_upload,detection_system/node2,93.07,1,bytes=293
2026-07-22 08:11:31,decision,Node2,0.04,1,pred=0
2026-07-22 08:11:31,firebase_upload,detection_system/node2,70.84,1,bytes=128
2026-07-22 08:11:31,firebase_upload,Timeseries/Node2,66.57,1,bytes=58
2026-07-22 08:11:31,gw_total_frame,Node2,236.16,1,
2026-07-22 08:11:32,lora_link,Node3,1080.21,1,rssi=-81;snr=8.75;bytes=182
2026-07-22 08:11:32,firebase_upload,detection_system/node3,68.38,1,bytes=293
2026-07-22 08:11:33,lora_link,Node1,1100.50,1,rssi=-76;snr=8.75;bytes=182
2026-07-22 08:11:34,firebase_upload,detection_system/node1,95.87,1,bytes=293
2026-07-22 08:11:34,decision,Node1,0.05,1,pred=0
2026-07-22 08:11:34,firebase_upload,detection_system/node1,74.23,1,bytes=128
2026-07-22 08:11:34,firebase_upload,Timeseries/Node1,70.53,1,bytes=58
2026-07-22 08:11:34,gw_total_frame,Node1,247.83,1,
2026-07-22 08:11:35,lora_link,Node2,1069.00,1,rssi=-78;snr=9.25;bytes=182
2026-07-22 08:11:35,firebase_upload,detection_system/node2,70.88,1,bytes=293
2026-07-22 08:11:36,lora_link,Node3,1096.34,1,rssi=-81;snr=8.5;bytes=182
2026-07-22 08:11:36,firebase_upload,detection_system/node3,71.77,1,bytes=292
2026-07-22 08:11:36,decision,Node3,0.03,1,pred=0
2026-07-22 08:11:36,firebase_upload,detection_system/node3,71.91,1,bytes=128
2026-07-22 08:11:36,firebase_upload,Timeseries/Node3,88.63,1,bytes=58
2026-07-22 08:11:36,gw_total_frame,Node3,237.29,1,
2026-07-22 08:11:37,lora_link,Node1,1098.87,1,rssi=-76;snr=9.25;bytes=182
2026-07-22 08:11:38,firebase_upload,detection_system/node1,103.05,1,bytes=293
2026-07-22 08:11:39,lora_link,Node2,1095.91,1,rssi=-78;snr=9.25;bytes=182
2026-07-22 08:11:39,firebase_upload,detection_system/node2,65.16,1,bytes=293
2026-07-22 08:11:39,decision,Node2,0.04,1,pred=0
2026-07-22 08:11:39,firebase_upload,detection_system/node2,68.38,1,bytes=128
2026-07-22 08:11:39,firebase_upload,Timeseries/Node2,66.02,1,bytes=58
2026-07-22 08:11:39,gw_total_frame,Node2,204.25,1,
2026-07-22 08:11:40,lora_link,Node3,1100.69,1,rssi=-81;snr=8.5;bytes=182
2026-07-22 08:11:40,firebase_upload,detection_system/node3,90.65,1,bytes=292
2026-07-22 08:11:41,lora_link,Node1,1098.26,1,rssi=-77;snr=8.75;bytes=182
2026-07-22 08:11:41,firebase_upload,detection_system/node1,70.35,1,bytes=293
2026-07-22 08:11:41,decision,Node1,0.03,1,pred=0
2026-07-22 08:11:41,firebase_upload,detection_system/node1,74.13,1,bytes=128
2026-07-22 08:11:42,firebase_upload,Timeseries/Node1,67.54,1,bytes=58
2026-07-22 08:11:42,gw_total_frame,Node1,217.09,1,
2026-07-22 08:11:43,lora_link,Node2,1099.26,1,rssi=-78;snr=9.25;bytes=182
2026-07-22 08:11:43,firebase_upload,detection_system/node2,87.17,1,bytes=293
2026-07-22 08:11:44,lora_link,Node3,1100.54,1,rssi=-80;snr=8.75;bytes=182
2026-07-22 08:11:44,firebase_upload,detection_system/node3,72.72,1,bytes=293
2026-07-22 08:11:44,decision,Node3,0.04,1,pred=0
2026-07-22 08:11:44,firebase_upload,detection_system/node3,77.23,1,bytes=128
2026-07-22 08:11:44,firebase_upload,Timeseries/Node3,74.87,1,bytes=58
2026-07-22 08:11:44,gw_total_frame,Node3,229.72,1,
2026-07-22 08:11:45,lora_link,Node1,1088.16,1,rssi=-76;snr=7.75;bytes=182
2026-07-22 08:11:45,firebase_upload,detection_system/node1,75.57,1,bytes=293
2026-07-22 08:11:47,lora_link,Node2,1100.06,1,rssi=-78;snr=9.25;bytes=182
2026-07-22 08:11:47,firebase_upload,detection_system/node2,71.81,1,bytes=293
2026-07-22 08:11:47,decision,Node2,0.04,1,pred=0
2026-07-22 08:11:47,firebase_upload,detection_system/node2,72.25,1,bytes=128
2026-07-22 08:11:47,firebase_upload,Timeseries/Node2,76.04,1,bytes=58
2026-07-22 08:11:47,gw_total_frame,Node2,224.93,1,
2026-07-22 08:11:48,lora_link,Node3,1090.59,1,rssi=-79;snr=9.0;bytes=182
2026-07-22 08:11:48,firebase_upload,detection_system/node3,80.90,1,bytes=292
2026-07-22 08:11:49,lora_link,Node1,1097.19,1,rssi=-76;snr=9.25;bytes=182
2026-07-22 08:11:49,firebase_upload,detection_system/node1,73.98,1,bytes=293
2026-07-22 08:11:49,decision,Node1,0.04,1,pred=0
2026-07-22 08:11:49,firebase_upload,detection_system/node1,70.45,1,bytes=128
2026-07-22 08:11:49,firebase_upload,Timeseries/Node1,69.66,1,bytes=58
2026-07-22 08:11:49,gw_total_frame,Node1,219.39,1,
2026-07-22 08:11:51,lora_link,Node2,1096.83,1,rssi=-78;snr=9.25;bytes=182
2026-07-22 08:11:51,firebase_upload,detection_system/node2,78.03,1,bytes=293
2026-07-22 08:11:52,lora_link,Node3,1099.97,1,rssi=-78;snr=9.0;bytes=182
2026-07-22 08:11:52,firebase_upload,detection_system/node3,79.44,1,bytes=292
2026-07-22 08:11:52,decision,Node3,0.03,1,pred=0
2026-07-22 08:11:52,firebase_upload,detection_system/node3,67.89,1,bytes=128
2026-07-22 08:11:52,firebase_upload,Timeseries/Node3,76.89,1,bytes=58
2026-07-22 08:11:52,gw_total_frame,Node3,230.51,1,
2026-07-22 08:11:53,lora_link,Node1,1084.98,1,rssi=-76;snr=10.0;bytes=182
2026-07-22 08:11:53,firebase_upload,detection_system/node1,68.67,1,bytes=293
2026-07-22 08:11:55,lora_link,Node2,1100.26,1,rssi=-79;snr=9.5;bytes=182
2026-07-22 08:11:55,firebase_upload,detection_system/node2,81.24,1,bytes=292
2026-07-22 08:11:55,decision,Node2,0.03,1,pred=0
2026-07-22 08:11:55,firebase_upload,detection_system/node2,75.55,1,bytes=128
2026-07-22 08:11:55,firebase_upload,Timeseries/Node2,70.37,1,bytes=58
2026-07-22 08:11:55,gw_total_frame,Node2,232.80,1,
2026-07-22 08:11:56,lora_link,Node3,1083.71,1,rssi=-80;snr=8.5;bytes=182
2026-07-22 08:11:56,firebase_upload,detection_system/node3,72.20,1,bytes=292
2026-07-22 08:11:57,lora_link,Node1,1095.65,1,rssi=-77;snr=8.75;bytes=182
2026-07-22 08:11:57,firebase_upload,detection_system/node1,71.28,1,bytes=293
2026-07-22 08:11:57,decision,Node1,0.05,1,pred=0
2026-07-22 08:11:57,firebase_upload,detection_system/node1,74.80,1,bytes=128
2026-07-22 08:11:57,firebase_upload,Timeseries/Node1,72.52,1,bytes=58
2026-07-22 08:11:57,gw_total_frame,Node1,223.56,1,
2026-07-22 08:11:59,lora_link,Node2,1100.91,1,rssi=-78;snr=9.25;bytes=182
2026-07-22 08:11:59,firebase_upload,detection_system/node2,80.86,1,bytes=293
2026-07-22 08:12:00,lora_link,Node3,1095.26,1,rssi=-79;snr=9.25;bytes=182
2026-07-22 08:12:00,firebase_upload,detection_system/node3,95.06,1,bytes=293
2026-07-22 08:12:00,decision,Node3,0.04,1,pred=0
2026-07-22 08:12:00,firebase_upload,detection_system/node3,94.16,1,bytes=128
2026-07-22 08:12:00,firebase_upload,Timeseries/Node3,77.00,1,bytes=58
2026-07-22 08:12:00,gw_total_frame,Node3,272.81,1,
2026-07-22 08:12:01,lora_link,Node1,1043.34,1,rssi=-76;snr=9.0;bytes=182
2026-07-22 08:12:01,firebase_upload,detection_system/node1,69.10,1,bytes=292
2026-07-22 08:12:02,lora_link,Node2,1100.53,1,rssi=-78;snr=9.5;bytes=182
2026-07-22 08:12:03,firebase_upload,detection_system/node2,69.72,1,bytes=292
2026-07-22 08:12:03,decision,Node2,0.04,1,pred=0
2026-07-22 08:12:03,firebase_upload,detection_system/node2,75.71,1,bytes=128
2026-07-22 08:12:03,firebase_upload,Timeseries/Node2,73.88,1,bytes=58
2026-07-22 08:12:03,gw_total_frame,Node2,224.06,1,
2026-07-22 08:12:04,lora_link,Node3,1092.31,1,rssi=-79;snr=9.0;bytes=182
2026-07-22 08:12:04,firebase_upload,detection_system/node3,117.30,1,bytes=292
2026-07-22 08:12:05,lora_link,Node1,1100.55,1,rssi=-76;snr=9.25;bytes=182
2026-07-22 08:12:05,firebase_upload,detection_system/node1,83.48,1,bytes=293
2026-07-22 08:12:05,decision,Node1,0.03,1,pred=0
2026-07-22 08:12:05,firebase_upload,detection_system/node1,68.07,1,bytes=128
2026-07-22 08:12:05,firebase_upload,Timeseries/Node1,85.72,1,bytes=58
2026-07-22 08:12:05,gw_total_frame,Node1,242.72,1,
2026-07-22 08:12:06,lora_link,Node2,1074.84,1,rssi=-76;snr=8.5;bytes=182
2026-07-22 08:12:06,firebase_upload,detection_system/node2,74.74,1,bytes=292
2026-07-22 08:12:08,lora_link,Node3,1096.35,1,rssi=-80;snr=8.75;bytes=182
2026-07-22 08:12:08,firebase_upload,detection_system/node3,74.53,1,bytes=293
2026-07-22 08:12:08,decision,Node3,0.04,1,pred=0
2026-07-22 08:12:08,firebase_upload,detection_system/node3,76.49,1,bytes=128
2026-07-22 08:12:08,firebase_upload,Timeseries/Node3,69.77,1,bytes=58
2026-07-22 08:12:08,gw_total_frame,Node3,225.71,1,
2026-07-22 08:12:09,lora_link,Node1,1089.87,1,rssi=-76;snr=9.0;bytes=182
2026-07-22 08:12:09,firebase_upload,detection_system/node1,90.08,1,bytes=292
2026-07-22 08:12:10,lora_link,Node2,1099.57,1,rssi=-78;snr=9.5;bytes=182
2026-07-22 08:12:10,firebase_upload,detection_system/node2,67.24,1,bytes=292
2026-07-22 08:12:10,decision,Node2,0.06,1,pred=0
2026-07-22 08:12:11,firebase_upload,detection_system/node2,76.72,1,bytes=128
2026-07-22 08:12:11,firebase_upload,Timeseries/Node2,71.32,1,bytes=58
2026-07-22 08:12:11,gw_total_frame,Node2,222.11,1,
2026-07-22 08:12:12,lora_link,Node3,1093.39,1,rssi=-80;snr=8.75;bytes=182
2026-07-22 08:12:12,firebase_upload,detection_system/node3,88.42,1,bytes=293
2026-07-22 08:12:13,lora_link,Node1,1099.23,1,rssi=-76;snr=9.25;bytes=182
2026-07-22 08:12:13,firebase_upload,detection_system/node1,68.76,1,bytes=293
2026-07-22 08:12:13,decision,Node1,0.04,1,pred=0
2026-07-22 08:12:13,firebase_upload,detection_system/node1,70.45,1,bytes=128
2026-07-22 08:12:13,firebase_upload,Timeseries/Node1,69.00,1,bytes=58
2026-07-22 08:12:13,gw_total_frame,Node1,213.21,1,
2026-07-22 08:12:14,lora_link,Node2,1100.89,1,rssi=-79;snr=9.25;bytes=182
2026-07-22 08:12:14,firebase_upload,detection_system/node2,73.18,1,bytes=293
2026-07-22 08:12:16,lora_link,Node3,1095.04,1,rssi=-79;snr=9.0;bytes=182
2026-07-22 08:12:16,firebase_upload,detection_system/node3,74.72,1,bytes=292
2026-07-22 08:12:16,decision,Node3,0.04,1,pred=0
2026-07-22 08:12:16,firebase_upload,detection_system/node3,67.35,1,bytes=128
2026-07-22 08:12:16,firebase_upload,Timeseries/Node3,65.89,1,bytes=58
2026-07-22 08:12:16,gw_total_frame,Node3,214.15,1,
2026-07-22 08:12:17,lora_link,Node1,1501.43,0,
2026-07-22 08:12:19,lora_link,Node2,1099.00,1,rssi=-78;snr=8.75;bytes=182
2026-07-22 08:12:19,firebase_upload,detection_system/node2,65.61,1,bytes=293
2026-07-22 08:12:19,decision,Node2,0.04,1,pred=0
2026-07-22 08:12:19,firebase_upload,detection_system/node2,72.09,1,bytes=128
2026-07-22 08:12:19,firebase_upload,Timeseries/Node2,71.84,1,bytes=58
2026-07-22 08:12:19,gw_total_frame,Node2,214.77,1,
2026-07-22 08:12:20,lora_link,Node3,1100.62,1,rssi=-80;snr=8.5;bytes=182
2026-07-22 08:12:20,firebase_upload,detection_system/node3,102.81,1,bytes=292
2026-07-22 08:12:21,lora_link,Node1,1097.21,1,rssi=-77;snr=8.75;bytes=182
2026-07-22 08:12:21,firebase_upload,detection_system/node1,73.42,1,bytes=293
2026-07-22 08:12:23,lora_link,Node2,1096.34,1,rssi=-77;snr=9.75;bytes=182
2026-07-22 08:12:23,firebase_upload,detection_system/node2,72.07,1,bytes=293
2026-07-22 08:12:24,lora_link,Node3,1508.98,0,
2026-07-22 08:12:26,lora_link,Node1,1100.85,1,rssi=-73;snr=9.75;bytes=182
2026-07-22 08:12:26,firebase_upload,detection_system/node1,80.05,1,bytes=293
2026-07-22 08:12:26,decision,Node1,0.03,1,pred=0
2026-07-22 08:12:26,firebase_upload,detection_system/node1,79.01,1,bytes=128
2026-07-22 08:12:26,firebase_upload,Timeseries/Node1,67.16,1,bytes=58
2026-07-22 08:12:26,gw_total_frame,Node1,231.09,1,
2026-07-22 08:12:27,lora_link,Node2,1085.25,1,rssi=-78;snr=9.25;bytes=182
2026-07-22 08:12:27,firebase_upload,detection_system/node2,84.23,1,bytes=293
2026-07-22 08:12:27,decision,Node2,0.04,1,pred=0
2026-07-22 08:12:27,firebase_upload,detection_system/node2,95.42,1,bytes=128
2026-07-22 08:12:27,firebase_upload,Timeseries/Node2,68.90,1,bytes=58
2026-07-22 08:12:27,gw_total_frame,Node2,253.90,1,
2026-07-22 08:12:28,lora_link,Node3,1062.06,1,rssi=-84;snr=7.25;bytes=182
2026-07-22 08:12:28,firebase_upload,detection_system/node3,77.60,1,bytes=293
2026-07-22 08:12:28,decision,Node3,0.04,1,pred=0
2026-07-22 08:12:28,firebase_upload,detection_system/node3,87.39,1,bytes=128
2026-07-22 08:12:29,firebase_upload,Timeseries/Node3,117.28,1,bytes=58
2026-07-22 08:12:29,gw_total_frame,Node3,293.00,1,
2026-07-22 08:12:30,lora_link,Node1,1012.72,1,rssi=-75;snr=8.75;bytes=182
2026-07-22 08:12:30,firebase_upload,detection_system/node1,68.79,1,bytes=293
2026-07-22 08:12:31,lora_link,Node2,1095.87,1,rssi=-78;snr=9.5;bytes=182
2026-07-22 08:12:31,firebase_upload,detection_system/node2,84.32,1,bytes=292
2026-07-22 08:12:32,lora_link,Node3,1109.38,1,rssi=-84;snr=6.5;bytes=182
2026-07-22 08:12:32,firebase_upload,detection_system/node3,81.08,1,bytes=292
2026-07-22 08:12:34,lora_link,Node1,1094.86,1,rssi=-76;snr=8.25;bytes=182
2026-07-22 08:12:34,firebase_upload,detection_system/node1,76.77,1,bytes=293
2026-07-22 08:12:34,decision,Node1,0.04,1,pred=0
2026-07-22 08:12:34,firebase_upload,detection_system/node1,74.83,1,bytes=128
2026-07-22 08:12:34,firebase_upload,Timeseries/Node1,64.61,1,bytes=58
2026-07-22 08:12:34,gw_total_frame,Node1,224.42,1,
2026-07-22 08:12:35,lora_link,Node2,1090.65,1,rssi=-76;snr=9.25;bytes=182
2026-07-22 08:12:35,firebase_upload,detection_system/node2,66.35,1,bytes=293
2026-07-22 08:12:35,decision,Node2,0.03,1,pred=0
2026-07-22 08:12:35,firebase_upload,detection_system/node2,83.34,1,bytes=128
2026-07-22 08:12:35,firebase_upload,Timeseries/Node2,75.22,1,bytes=58
2026-07-22 08:12:35,gw_total_frame,Node2,229.92,1,
2026-07-22 08:12:36,lora_link,Node3,1084.33,1,rssi=-83;snr=8.25;bytes=182
2026-07-22 08:12:36,firebase_upload,detection_system/node3,71.24,1,bytes=293
2026-07-22 08:12:36,decision,Node3,0.05,1,pred=0
2026-07-22 08:12:36,firebase_upload,detection_system/node3,71.64,1,bytes=128
2026-07-22 08:12:36,firebase_upload,Timeseries/Node3,75.83,1,bytes=58
2026-07-22 08:12:36,gw_total_frame,Node3,225.26,1,
2026-07-22 08:12:37,lora_link,Node1,1091.11,1,rssi=-76;snr=9.0;bytes=182
2026-07-22 08:12:38,firebase_upload,detection_system/node1,69.92,1,bytes=292
2026-07-22 08:12:39,lora_link,Node2,1096.78,1,rssi=-75;snr=9.5;bytes=182
2026-07-22 08:12:39,firebase_upload,detection_system/node2,68.57,1,bytes=292
2026-07-22 08:12:40,lora_link,Node3,1099.98,1,rssi=-77;snr=9.25;bytes=182
2026-07-22 08:12:40,firebase_upload,detection_system/node3,76.98,1,bytes=293
2026-07-22 08:12:41,lora_link,Node1,1101.85,1,rssi=-76;snr=9.0;bytes=182
2026-07-22 08:12:42,firebase_upload,detection_system/node1,74.96,1,bytes=292
2026-07-22 08:12:42,decision,Node1,0.03,1,pred=0
2026-07-22 08:12:42,firebase_upload,detection_system/node1,75.24,1,bytes=128
2026-07-22 08:12:42,firebase_upload,Timeseries/Node1,69.52,1,bytes=58
2026-07-22 08:12:42,gw_total_frame,Node1,228.02,1,
2026-07-22 08:12:43,lora_link,Node2,1087.40,1,rssi=-74;snr=9.75;bytes=182
2026-07-22 08:12:43,firebase_upload,detection_system/node2,65.01,1,bytes=293
2026-07-22 08:12:43,decision,Node2,0.03,1,pred=0
2026-07-22 08:12:43,firebase_upload,detection_system/node2,69.29,1,bytes=128
2026-07-22 08:12:43,firebase_upload,Timeseries/Node2,68.96,1,bytes=58
2026-07-22 08:12:43,gw_total_frame,Node2,208.83,1,
2026-07-22 08:12:44,lora_link,Node3,1096.42,1,rssi=-77;snr=9.25;bytes=182
2026-07-22 08:12:44,firebase_upload,detection_system/node3,77.15,1,bytes=293
2026-07-22 08:12:44,decision,Node3,0.04,1,pred=0
2026-07-22 08:12:44,firebase_upload,detection_system/node3,76.44,1,bytes=128
2026-07-22 08:12:44,firebase_upload,Timeseries/Node3,93.52,1,bytes=58
2026-07-22 08:12:44,gw_total_frame,Node3,254.17,1,
2026-07-22 08:12:45,lora_link,Node1,1061.93,1,rssi=-77;snr=8.5;bytes=182
2026-07-22 08:12:45,firebase_upload,detection_system/node1,72.56,1,bytes=292
2026-07-22 08:12:47,lora_link,Node2,1094.07,1,rssi=-75;snr=9.25;bytes=182
2026-07-22 08:12:47,firebase_upload,detection_system/node2,75.50,1,bytes=293
2026-07-22 08:12:48,lora_link,Node3,1099.56,1,rssi=-77;snr=9.25;bytes=182
2026-07-22 08:12:48,firebase_upload,detection_system/node3,78.85,1,bytes=293
2026-07-22 08:12:49,lora_link,Node1,1098.84,1,rssi=-77;snr=8.75;bytes=182
2026-07-22 08:12:49,firebase_upload,detection_system/node1,65.10,1,bytes=293
2026-07-22 08:12:49,decision,Node1,0.03,1,pred=0
2026-07-22 08:12:50,firebase_upload,detection_system/node1,100.32,1,bytes=128
2026-07-22 08:12:50,firebase_upload,Timeseries/Node1,70.73,1,bytes=58
2026-07-22 08:12:50,gw_total_frame,Node1,241.47,1,
2026-07-22 08:12:51,lora_link,Node2,1073.60,1,rssi=-76;snr=9.5;bytes=182
2026-07-22 08:12:51,firebase_upload,detection_system/node2,97.97,1,bytes=292
2026-07-22 08:12:51,decision,Node2,0.04,1,pred=0
2026-07-22 08:12:51,firebase_upload,detection_system/node2,70.63,1,bytes=128
2026-07-22 08:12:51,firebase_upload,Timeseries/Node2,72.14,1,bytes=58
2026-07-22 08:12:51,gw_total_frame,Node2,248.11,1,
2026-07-22 08:12:52,lora_link,Node3,1067.37,1,rssi=-81;snr=9.0;bytes=182
2026-07-22 08:12:52,firebase_upload,detection_system/node3,70.67,1,bytes=292
2026-07-22 08:12:52,decision,Node3,0.03,1,pred=0
2026-07-22 08:12:52,firebase_upload,detection_system/node3,74.76,1,bytes=128
2026-07-22 08:12:52,firebase_upload,Timeseries/Node3,71.53,1,bytes=58
2026-07-22 08:12:52,gw_total_frame,Node3,221.61,1,
2026-07-22 08:12:53,lora_link,Node1,1093.02,1,rssi=-77;snr=8.75;bytes=182
2026-07-22 08:12:53,firebase_upload,detection_system/node1,73.20,1,bytes=293
2026-07-22 08:12:55,lora_link,Node2,1101.33,1,rssi=-73;snr=9.25;bytes=182
2026-07-22 08:12:55,firebase_upload,detection_system/node2,70.37,1,bytes=293
2026-07-22 08:12:56,lora_link,Node3,1096.69,1,rssi=-78;snr=9.0;bytes=182
2026-07-22 08:12:56,firebase_upload,detection_system/node3,68.67,1,bytes=292
